{
   "bids": [
      {
         "bundle": [
            61.11093025045156,
            31.24707608530897,
            177.55376051569644,
            54.095350961644414
         ],
         "value": {
            "sValue": 0.0,
            "tValue": 460.2004903517093
         }
      },
      {
         "bundle": [
            102.71727762803981,
            49.90619532120755,
            169.5072350786134,
            162.87496410180339
         ],
         "value": {
            "sValue": 0.0,
            "tValue": 578.8698791466757
         }
      },
      {
         "bundle": [
            186.1233873018131,
            173.01811920842832,
            25.76119574383313,
            194.48412701773975
         ],
         "value": {
            "sValue": 0.0,
            "tValue": 844.4276035714871
         }
      }
   ]
}