{
   "bids": [
      {
         "bundle": [
            166.617608530153,
            0.0,
            0.0,
            0.0
         ],
         "value": {
            "sValue": 0.20703934970475554,
            "tValue": 0.20703934970475554
         }
      },
      {
         "bundle": [
            0.0,
            0.0,
            0.0,
            0.0
         ],
         "value": {
            "sValue": 0.0,
            "tValue": 0.0
         }
      },
      {
         "bundle": [
            0.0,
            0.0,
            133.6215761691552,
            0.0
         ],
         "value": {
            "sValue": 0.26372194675315386,
            "tValue": 0.26372194675315386
         }
      },
      {
         "bundle": [
            0.0,
            0.0,
            0.0,
            0.0
         ],
         "value": {
            "sValue": 0.0,
            "tValue": 0.0
         }
      }
   ]
}