{
   "providerProfitAve": 128.94274150785958,
   "providerProfitSD": 12.555320851950881,
   "providerTimeRatioAve": 0.7541874687954252,
   "providerTimeRatioSD": 0.08539674768596832,
   "requesterProfitAve": 87.26540409006444,
   "requesterProfitSD": 7.200220138332099,
   "sumCostAve": 631.4748093605323,
   "sumCostSD": 96.01350147849564,
   "sumProfitAve": 2162.08145597924,
   "sumProfitSD": 194.62844465523378,
   "winBidAve": 8.0,
   "winBidSD": 1.0954451150103321
}