{
   "providerProfitAve": 133.18896378499736,
   "providerProfitSD": 8.573371553244419,
   "providerTimeRatioAve": 0.7229139352248681,
   "providerTimeRatioSD": 0.06254629909017038,
   "requesterProfitAve": 72.130783990783,
   "requesterProfitSD": 4.5035532423938704,
   "sumCostAve": 631.2596059025914,
   "sumCostSD": 95.48266567164505,
   "sumProfitAve": 2053.1974777578034,
   "sumProfitSD": 113.96370259187519,
   "winBidAve": 8.0,
   "winBidSD": 1.0954451150103321
}