{
   "bids": [
      {
         "bundle": [
            126.77996329143284,
            0.0,
            0.0,
            0.0
         ],
         "value": {
            "sValue": 0.09373584398906368,
            "tValue": 0.1405334992339785
         }
      },
      {
         "bundle": [
            0.0,
            0.0,
            0.0,
            0.0
         ],
         "value": {
            "sValue": 0.0,
            "tValue": 0.0
         }
      },
      {
         "bundle": [
            0.0,
            0.0,
            0.0,
            0.0
         ],
         "value": {
            "sValue": 0.0,
            "tValue": 0.0
         }
      },
      {
         "bundle": [
            0.0,
            0.0,
            0.0,
            103.83444821842266
         ],
         "value": {
            "sValue": 0.28695000348553745,
            "tValue": 0.4302099002781671
         }
      }
   ]
}