{
   "bids": [
      {
         "bundle": [
            180.93788669404717,
            112.04418003622045,
            135.19329434016964,
            153.3572913968165
         ],
         "value": {
            "sValue": 0.0,
            "tValue": 677.3094321622642
         }
      },
      {
         "bundle": [
            165.9719439202057,
            164.71757357906398,
            126.43860045158893,
            95.78876506318639
         ],
         "value": {
            "sValue": 0.0,
            "tValue": 594.8851786832516
         }
      },
      {
         "bundle": [
            54.71898499682673,
            75.43103413470473,
            111.48652691736653,
            196.68391876449547
         ],
         "value": {
            "sValue": 0.0,
            "tValue": 656.0216497879551
         }
      }
   ]
}