{
   "bids": [
      {
         "bundle": [
            106.16164440918206,
            134.18210909009116,
            45.29505989200722,
            198.30976353705853
         ],
         "value": {
            "sValue": 0.0,
            "tValue": 672.2089972355677
         }
      },
      {
         "bundle": [
            4.361339391799501,
            60.02250783790546,
            46.284925516254226,
            101.68134206262751
         ],
         "value": {
            "sValue": 0.0,
            "tValue": 246.59024724798869
         }
      },
      {
         "bundle": [
            156.4849346008616,
            54.99040206119319,
            68.66283370526585,
            61.14785584456837
         ],
         "value": {
            "sValue": 0.0,
            "tValue": 408.98928628467166
         }
      }
   ]
}