{
   "bids": [
      {
         "bundle": [
            117.48204959451027,
            194.9260458733886,
            176.80186056284236,
            162.9417238942993
         ],
         "value": {
            "sValue": 0.0,
            "tValue": 674.5195970586603
         }
      },
      {
         "bundle": [
            192.7088872476795,
            149.25292670124068,
            122.2794317697248,
            140.93289449970283
         ],
         "value": {
            "sValue": 0.0,
            "tValue": 736.3138201966556
         }
      },
      {
         "bundle": [
            34.870781973824805,
            63.32797857720593,
            73.4997064804858,
            156.13433205879286
         ],
         "value": {
            "sValue": 0.0,
            "tValue": 393.6919928255937
         }
      }
   ]
}