{
   "bids": [
      {
         "bundle": [
            0.0,
            0.0,
            0.0,
            0.0
         ],
         "value": {
            "sValue": 0.0,
            "tValue": 0.0
         }
      },
      {
         "bundle": [
            0.0,
            0.0,
            0.0,
            0.0
         ],
         "value": {
            "sValue": 0.0,
            "tValue": 0.0
         }
      },
      {
         "bundle": [
            0.0,
            0.0,
            193.16266746405455,
            0.0
         ],
         "value": {
            "sValue": 0.24781108851427652,
            "tValue": 0.3715308673377459
         }
      },
      {
         "bundle": [
            0.0,
            0.0,
            0.0,
            124.81852991417168
         ],
         "value": {
            "sValue": 0.2652597313164591,
            "tValue": 0.3976907515988891
         }
      }
   ]
}