{
   "bids": [
      {
         "bundle": [
            153.37162750338067,
            195.23172957406797,
            146.42178662625284,
            69.35377270740265
         ],
         "value": {
            "sValue": 0.0,
            "tValue": 822.9307828442281
         }
      },
      {
         "bundle": [
            166.77194991701504,
            87.32386512125726,
            172.16332690179095,
            93.12462061956732
         ],
         "value": {
            "sValue": 0.0,
            "tValue": 521.6639269594571
         }
      },
      {
         "bundle": [
            116.2418820840705,
            71.43332121624198,
            109.39021088681964,
            84.0035706069784
         ],
         "value": {
            "sValue": 0.0,
            "tValue": 481.91527937519294
         }
      }
   ]
}