{
   "bids": [
      {
         "bundle": [
            163.16164928845834,
            142.8038683756298,
            87.8867010366931,
            2.9473632528489
         ],
         "value": {
            "sValue": 0.0,
            "tValue": 569.0046121964648
         }
      },
      {
         "bundle": [
            79.14996128949092,
            46.8239209967868,
            43.54338031256939,
            115.95343376706377
         ],
         "value": {
            "sValue": 0.0,
            "tValue": 287.90781588710286
         }
      },
      {
         "bundle": [
            17.511482569127956,
            57.21507876203666,
            17.555802767642458,
            86.75327406432034
         ],
         "value": {
            "sValue": 0.0,
            "tValue": 199.4412340838293
         }
      }
   ]
}