{
   "bids": [
      {
         "bundle": [
            2.9629538289964064,
            3.2204904908335275,
            129.65317033537315,
            89.04028020126877
         ],
         "value": {
            "sValue": 0.0,
            "tValue": 275.46682128437783
         }
      },
      {
         "bundle": [
            96.77517791829717,
            56.10184255266435,
            113.69866279125982,
            104.2044574575419
         ],
         "value": {
            "sValue": 0.0,
            "tValue": 472.4856405357129
         }
      },
      {
         "bundle": [
            163.77366197963897,
            15.189501679771332,
            157.34512539636884,
            185.2226557408117
         ],
         "value": {
            "sValue": 0.0,
            "tValue": 549.8894153993685
         }
      }
   ]
}