{
   "bids": [
      {
         "bundle": [
            100.46723109425156,
            189.9871914624069,
            110.14144321825002,
            36.251925880875625
         ],
         "value": {
            "sValue": 0.0,
            "tValue": 638.7888627105868
         }
      },
      {
         "bundle": [
            59.769819030300496,
            157.52297804195808,
            163.59260731826873,
            45.8235451638231
         ],
         "value": {
            "sValue": 0.0,
            "tValue": 541.4581141926909
         }
      },
      {
         "bundle": [
            168.0771964167436,
            12.579215577515846,
            186.04241811229323,
            177.57646036582585
         ],
         "value": {
            "sValue": 0.0,
            "tValue": 544.8028784125198
         }
      }
   ]
}