{
   "bids": [
      {
         "bundle": [
            0.0,
            0.0,
            0.0,
            0.0
         ],
         "value": {
            "sValue": 0.0,
            "tValue": 0.0
         }
      },
      {
         "bundle": [
            0.0,
            0.0,
            0.0,
            0.0
         ],
         "value": {
            "sValue": 0.0,
            "tValue": 0.0
         }
      },
      {
         "bundle": [
            0.0,
            0.0,
            361.81177375908715,
            0.0
         ],
         "value": {
            "sValue": 0.0,
            "tValue": 0.34543733225527984
         }
      },
      {
         "bundle": [
            0.0,
            0.0,
            0.0,
            387.13551077696684
         ],
         "value": {
            "sValue": 0.0,
            "tValue": 0.444395997113061
         }
      }
   ]
}