{
   "bids": [
      {
         "bundle": [
            0.0,
            0.0,
            0.0,
            0.0
         ],
         "value": {
            "sValue": 0.0,
            "tValue": 0.0
         }
      },
      {
         "bundle": [
            0.0,
            345.42055686559024,
            0.0,
            0.0
         ],
         "value": {
            "sValue": 0.0,
            "tValue": 0.21869112840263885
         }
      },
      {
         "bundle": [
            0.0,
            0.0,
            0.0,
            0.0
         ],
         "value": {
            "sValue": 0.0,
            "tValue": 0.0
         }
      },
      {
         "bundle": [
            0.0,
            0.0,
            0.0,
            316.752960435712
         ],
         "value": {
            "sValue": 0.0,
            "tValue": 0.4034995890500701
         }
      }
   ]
}