{
   "bids": [
      {
         "bundle": [
            61.88736383232427,
            47.85962767741094,
            132.8140209741109,
            54.461361227422515
         ],
         "value": {
            "sValue": 0.0,
            "tValue": 400.53772430882697
         }
      },
      {
         "bundle": [
            183.56536144150368,
            25.138995587976364,
            153.26157366876743,
            21.67684704552766
         ],
         "value": {
            "sValue": 0.0,
            "tValue": 519.134280364959
         }
      },
      {
         "bundle": [
            27.418226899851405,
            195.14248584439014,
            115.38517488072601,
            190.6337927155354
         ],
         "value": {
            "sValue": 0.0,
            "tValue": 713.7040782102135
         }
      }
   ]
}