{
   "bids": [
      {
         "bundle": [
            156.1117408617695,
            107.5594444673474,
            76.79490816435019,
            85.23749053157846
         ],
         "value": {
            "sValue": 0.0,
            "tValue": 567.9160094075936
         }
      },
      {
         "bundle": [
            95.71426898226736,
            178.4646634243249,
            136.12755222961925,
            10.3103431264163
         ],
         "value": {
            "sValue": 0.0,
            "tValue": 498.74882506904623
         }
      },
      {
         "bundle": [
            165.40912206057027,
            70.28189527702683,
            81.51796857331641,
            105.8674243249689
         ],
         "value": {
            "sValue": 0.0,
            "tValue": 625.9848549972062
         }
      }
   ]
}