{
   "bids": [
      {
         "bundle": [
            0.0,
            0.0,
            0.0,
            0.0
         ],
         "value": {
            "sValue": 0.0,
            "tValue": 0.0
         }
      },
      {
         "bundle": [
            0.0,
            361.1661513850146,
            0.0,
            0.0
         ],
         "value": {
            "sValue": 0.0,
            "tValue": 0.415226048022053
         }
      },
      {
         "bundle": [
            0.0,
            0.0,
            359.54015252121656,
            0.0
         ],
         "value": {
            "sValue": 0.0,
            "tValue": 0.11067052986373516
         }
      },
      {
         "bundle": [
            0.0,
            0.0,
            0.0,
            0.0
         ],
         "value": {
            "sValue": 0.0,
            "tValue": 0.0
         }
      }
   ]
}