{
   "bids": [
      {
         "bundle": [
            0.0,
            0.0,
            0.0,
            0.0
         ],
         "value": {
            "sValue": 0.0,
            "tValue": 0.0
         }
      },
      {
         "bundle": [
            0.0,
            362.1483414178371,
            0.0,
            0.0
         ],
         "value": {
            "sValue": 0.0,
            "tValue": 0.40870058522228303
         }
      },
      {
         "bundle": [
            0.0,
            0.0,
            0.0,
            0.0
         ],
         "value": {
            "sValue": 0.0,
            "tValue": 0.0
         }
      },
      {
         "bundle": [
            0.0,
            0.0,
            0.0,
            357.1134189184936
         ],
         "value": {
            "sValue": 0.0,
            "tValue": 0.280612408847272
         }
      }
   ]
}