{
   "bids": [
      {
         "bundle": [
            80.28683756212325,
            61.004530164518144,
            114.90577282985073,
            138.73351096865548
         ],
         "value": {
            "sValue": 0.0,
            "tValue": 446.7735420225094
         }
      },
      {
         "bundle": [
            18.90270382788739,
            81.77984953664625,
            194.28545429909275,
            41.15886304908665
         ],
         "value": {
            "sValue": 0.0,
            "tValue": 336.2375067180965
         }
      },
      {
         "bundle": [
            152.2579112051713,
            54.40487170454374,
            198.76996778498622,
            176.41846893008886
         ],
         "value": {
            "sValue": 0.0,
            "tValue": 843.070585187433
         }
      }
   ]
}