{
   "bids": [
      {
         "bundle": [
            7.697137522362518,
            80.73611915851563,
            69.97839760793735,
            182.64198131306233
         ],
         "value": {
            "sValue": 0.0,
            "tValue": 464.0223155153012
         }
      },
      {
         "bundle": [
            176.59890134931246,
            48.77329040141743,
            11.188625536940155,
            50.05602288613233
         ],
         "value": {
            "sValue": 0.0,
            "tValue": 335.73043868306064
         }
      },
      {
         "bundle": [
            151.73385776093042,
            73.81110519486775,
            51.35635223036745,
            96.66982146990097
         ],
         "value": {
            "sValue": 0.0,
            "tValue": 545.346316941078
         }
      }
   ]
}