{
   "bids": [
      {
         "bundle": [
            0.0,
            0.0,
            0.0,
            0.0
         ],
         "value": {
            "sValue": 0.0,
            "tValue": 0.0
         }
      },
      {
         "bundle": [
            0.0,
            341.4570684341489,
            0.0,
            0.0
         ],
         "value": {
            "sValue": 0.0,
            "tValue": 0.4305461632145582
         }
      },
      {
         "bundle": [
            0.0,
            0.0,
            338.4523501453888,
            0.0
         ],
         "value": {
            "sValue": 0.0,
            "tValue": 0.23138554594972305
         }
      },
      {
         "bundle": [
            0.0,
            0.0,
            0.0,
            0.0
         ],
         "value": {
            "sValue": 0.0,
            "tValue": 0.0
         }
      }
   ]
}