{
   "bids": [
      {
         "bundle": [
            0.0,
            0.0,
            0.0,
            0.0
         ],
         "value": {
            "sValue": 0.0,
            "tValue": 0.0
         }
      },
      {
         "bundle": [
            0.0,
            316.84998781857524,
            0.0,
            0.0
         ],
         "value": {
            "sValue": 0.0,
            "tValue": 0.20582179031345016
         }
      },
      {
         "bundle": [
            0.0,
            0.0,
            334.7325935636577,
            0.0
         ],
         "value": {
            "sValue": 0.0,
            "tValue": 0.338931274562025
         }
      },
      {
         "bundle": [
            0.0,
            0.0,
            0.0,
            0.0
         ],
         "value": {
            "sValue": 0.0,
            "tValue": 0.0
         }
      }
   ]
}