{
   "bids": [
      {
         "bundle": [
            60.66861275128335,
            174.95360769788678,
            115.36347177603183,
            194.09423745384095
         ],
         "value": {
            "sValue": 0.0,
            "tValue": 680.4563525543487
         }
      },
      {
         "bundle": [
            167.68728758507163,
            133.82905824247047,
            106.80178646954512,
            111.18153252811807
         ],
         "value": {
            "sValue": 0.0,
            "tValue": 597.8197095217545
         }
      },
      {
         "bundle": [
            181.43739929474833,
            63.7779292633347,
            10.35396098856567,
            124.7749618442705
         ],
         "value": {
            "sValue": 0.0,
            "tValue": 486.4521173310948
         }
      }
   ]
}