{
   "bids": [
      {
         "bundle": [
            137.98588575963072,
            94.1892113372183,
            48.91212192314771,
            24.197313343217132
         ],
         "value": {
            "sValue": 0.0,
            "tValue": 442.29200602766844
         }
      },
      {
         "bundle": [
            182.4095533291199,
            166.52175206891147,
            63.78212659057305,
            24.437688606927722
         ],
         "value": {
            "sValue": 0.0,
            "tValue": 624.1664439238168
         }
      },
      {
         "bundle": [
            42.66418240903471,
            92.370435835198,
            163.42140352885573,
            179.01731591001666
         ],
         "value": {
            "sValue": 0.0,
            "tValue": 678.0409854373689
         }
      }
   ]
}