{
   "providerAfterAvailabilityRatioAve": 0.7626823927030981,
   "providerAfterAvailabilityRatioSD": 0.035315126856587095,
   "providerBeforeAvailabilityRatioAve": 0.5510438808769453,
   "providerBeforeAvailabilityRatioSD": 0.004227256777845788,
   "providerProfitAve": 236.71114093889128,
   "providerProfitSD": 36.13785559354075,
   "providerTimeRatioAve": 0.4732996403765206,
   "providerTimeRatioSD": 0.07465323600946101,
   "requesterProfitAve": 236.71114093889128,
   "requesterProfitSD": 36.137855593540756,
   "sumCostAve": 996.8000636479686,
   "sumCostSD": 203.48515852421107,
   "sumProfitAve": 4734.2228187778255,
   "sumProfitSD": 722.7571118708147,
   "tradeAve": 89.71768031990291,
   "tradeSD": 6.095176574170599,
   "winBidAve": 10.0,
   "winBidSD": 0.0
}