{
   "providerProfitAve": 201.21904403022418,
   "providerProfitSD": 14.01788286331086,
   "providerTimeRatioAve": 0.35469060235145455,
   "providerTimeRatioSD": 0.017050368543411444,
   "requesterProfitAve": 144.07335767790505,
   "requesterProfitSD": 8.942392781928438,
   "sumCostAve": 571.4568635231915,
   "sumCostSD": 87.02207847809423,
   "sumProfitAve": 3452.9240170812927,
   "sumProfitSD": 218.4505518063768,
   "winBidAve": 10.0,
   "winBidSD": 0.0
}