{
   "providerProfitAve": 191.4927387303744,
   "providerProfitSD": 12.893147285970379,
   "providerTimeRatioAve": 0.35463057545055954,
   "providerTimeRatioSD": 0.016945620121782724,
   "requesterProfitAve": 153.73178874272224,
   "requesterProfitSD": 9.469382165845136,
   "sumCostAve": 572.1356058735171,
   "sumCostSD": 86.45613660663732,
   "sumProfitAve": 3452.2452747309667,
   "sumProfitSD": 218.91670941868466,
   "winBidAve": 10.0,
   "winBidSD": 0.0
}