{
   "providerAfterAvailabilityRatioAve": 0.6064948724869585,
   "providerAfterAvailabilityRatioSD": 0.012069962481135408,
   "providerBeforeAvailabilityRatioAve": 0.4489561191230546,
   "providerBeforeAvailabilityRatioSD": 0.004227256777845807,
   "providerProfitAve": 191.4927387303744,
   "providerProfitSD": 12.893147285970379,
   "providerTimeRatioAve": 0.35463057545055954,
   "providerTimeRatioSD": 0.016945620121782724,
   "requesterProfitAve": 153.73178874272224,
   "requesterProfitSD": 9.469382165845136,
   "sumCostAve": 572.1356058735171,
   "sumCostSD": 86.45613660663732,
   "sumProfitAve": 3452.2452747309667,
   "sumProfitSD": 218.91670941868466,
   "tradeAve": 62.176574829431516,
   "tradeSD": 5.039337728212513,
   "winBidAve": 10.0,
   "winBidSD": 0.0
}