{
   "providerProfitAve": 184.87901362250355,
   "providerProfitSD": 12.185622335310365,
   "providerTimeRatioAve": 0.35470304941392095,
   "providerTimeRatioSD": 0.0169265804846813,
   "requesterProfitAve": 160.22563441085487,
   "requesterProfitSD": 9.970526417330511,
   "sumCostAve": 573.3344002708994,
   "sumCostSD": 87.16759234044925,
   "sumProfitAve": 3451.0464803335844,
   "sumProfitSD": 219.48861604385272,
   "tradeAve": 60.553113412398375,
   "tradeSD": 4.817146250049136,
   "winBidAve": 10.0,
   "winBidSD": 0.0
}