{
   "providerProfitAve": 215.49003391525395,
   "providerProfitSD": 15.786439950271898,
   "providerTimeRatioAve": 0.35476771508884763,
   "providerTimeRatioSD": 0.017021296995442976,
   "requesterProfitAve": 129.86409460507545,
   "requesterProfitSD": 8.602821877239217,
   "sumCostAve": 570.8395954011897,
   "sumCostSD": 86.73660848098177,
   "sumProfitAve": 3453.5412852032932,
   "sumProfitSD": 218.44165764969654,
   "winBidAve": 10.0,
   "winBidSD": 0.0
}