{
   "bids": [
      {
         "bundle": [
            151.89553675513002,
            108.8348658405576,
            16.493573452421572,
            172.8811815357586
         ],
         "value": {
            "sValue": 0.0,
            "tValue": 452.22794002342846
         }
      },
      {
         "bundle": [
            30.10004757151372,
            112.23156861794952,
            128.3979727533925,
            160.94785828215808
         ],
         "value": {
            "sValue": 0.0,
            "tValue": 642.41190760189
         }
      },
      {
         "bundle": [
            181.1022362661066,
            96.35898127938289,
            24.449149424899442,
            131.4082296189747
         ],
         "value": {
            "sValue": 0.0,
            "tValue": 532.4704503006241
         }
      }
   ]
}