{
   "bids": [
      {
         "bundle": [
            136.24876212048449,
            95.00048311177522,
            53.98818088767354,
            165.44628195892454
         ],
         "value": {
            "sValue": 0.0,
            "tValue": 486.794648225096
         }
      },
      {
         "bundle": [
            64.62219051658931,
            194.0004985337427,
            6.982141827756272,
            27.719370014975595
         ],
         "value": {
            "sValue": 0.0,
            "tValue": 344.93125604659633
         }
      },
      {
         "bundle": [
            52.596784682301866,
            178.7016778645254,
            60.317586554544974,
            16.196627083084138
         ],
         "value": {
            "sValue": 0.0,
            "tValue": 456.4980619576879
         }
      }
   ]
}