{
   "bids": [
      {
         "bundle": [
            103.63859600911118,
            143.49979915555778,
            192.5686251763751,
            52.39686041356002
         ],
         "value": {
            "sValue": 0.0,
            "tValue": 653.6280860287759
         }
      },
      {
         "bundle": [
            142.61713630992327,
            198.82622020059299,
            95.87263971983975,
            184.69024594034232
         ],
         "value": {
            "sValue": 0.0,
            "tValue": 930.4222640967196
         }
      },
      {
         "bundle": [
            77.48314856290503,
            39.84478009666579,
            76.14873716097385,
            188.36419620953808
         ],
         "value": {
            "sValue": 0.0,
            "tValue": 452.18131047655106
         }
      }
   ]
}