{
   "bids": [
      {
         "bundle": [
            0.0,
            0.0,
            0.0,
            0.0
         ],
         "value": {
            "sValue": 0.0,
            "tValue": 0.0
         }
      },
      {
         "bundle": [
            0.0,
            0.0,
            0.0,
            0.0
         ],
         "value": {
            "sValue": 0.0,
            "tValue": 0.0
         }
      },
      {
         "bundle": [
            0.0,
            0.0,
            386.00851810650494,
            0.0
         ],
         "value": {
            "sValue": 0.0,
            "tValue": 0.18235226740528684
         }
      },
      {
         "bundle": [
            0.0,
            0.0,
            0.0,
            376.87910040117265
         ],
         "value": {
            "sValue": 0.0,
            "tValue": 0.4572717399769086
         }
      }
   ]
}