{
   "bids": [
      {
         "bundle": [
            41.9237675402601,
            132.46762029564016,
            182.85136555766368,
            187.3638942730164
         ],
         "value": {
            "sValue": 0.0,
            "tValue": 759.515707688751
         }
      },
      {
         "bundle": [
            177.09812915119346,
            122.48283088084764,
            193.37438079271197,
            107.57508323062235
         ],
         "value": {
            "sValue": 0.0,
            "tValue": 673.8714722242369
         }
      },
      {
         "bundle": [
            188.65694616233168,
            168.26703562731717,
            116.41476013703331,
            24.630264948465786
         ],
         "value": {
            "sValue": 0.0,
            "tValue": 689.6344200723141
         }
      }
   ]
}