{
   "bids": [
      {
         "bundle": [
            0.0,
            0.0,
            0.0,
            0.0
         ],
         "value": {
            "sValue": 0.0,
            "tValue": 0.0
         }
      },
      {
         "bundle": [
            0.0,
            0.0,
            0.0,
            0.0
         ],
         "value": {
            "sValue": 0.0,
            "tValue": 0.0
         }
      },
      {
         "bundle": [
            0.0,
            0.0,
            401.7582187072914,
            0.0
         ],
         "value": {
            "sValue": 0.0,
            "tValue": 0.1820928464415693
         }
      },
      {
         "bundle": [
            0.0,
            0.0,
            0.0,
            359.96119443825353
         ],
         "value": {
            "sValue": 0.0,
            "tValue": 0.17718629006914852
         }
      }
   ]
}