{
   "bids": [
      {
         "bundle": [
            446.36593747824,
            0.0,
            0.0,
            0.0
         ],
         "value": {
            "sValue": 0.0,
            "tValue": 0.1651797299753337
         }
      },
      {
         "bundle": [
            0.0,
            445.7419533452745,
            0.0,
            0.0
         ],
         "value": {
            "sValue": 0.0,
            "tValue": 0.22120208949065076
         }
      },
      {
         "bundle": [
            0.0,
            0.0,
            0.0,
            0.0
         ],
         "value": {
            "sValue": 0.0,
            "tValue": 0.0
         }
      },
      {
         "bundle": [
            0.0,
            0.0,
            0.0,
            0.0
         ],
         "value": {
            "sValue": 0.0,
            "tValue": 0.0
         }
      }
   ]
}