{
   "bids": [
      {
         "bundle": [
            170.55300039576116,
            181.17124059797715,
            17.687399274708415,
            9.0316171382959
         ],
         "value": {
            "sValue": 0.0,
            "tValue": 437.6963231361141
         }
      },
      {
         "bundle": [
            71.19831933546112,
            140.07392883633173,
            88.0716337946996,
            111.00231685600599
         ],
         "value": {
            "sValue": 0.0,
            "tValue": 607.8984491234952
         }
      },
      {
         "bundle": [
            86.42688948178305,
            126.93315519279915,
            147.41758528380603,
            13.461621821561053
         ],
         "value": {
            "sValue": 0.0,
            "tValue": 389.94181634754705
         }
      }
   ]
}