{
   "bids": [
      {
         "bundle": [
            421.87844253663945,
            0.0,
            0.0,
            0.0
         ],
         "value": {
            "sValue": 0.0,
            "tValue": 0.13106577756806576
         }
      },
      {
         "bundle": [
            0.0,
            393.2201609330478,
            0.0,
            0.0
         ],
         "value": {
            "sValue": 0.0,
            "tValue": 0.2621971046844679
         }
      },
      {
         "bundle": [
            0.0,
            0.0,
            0.0,
            0.0
         ],
         "value": {
            "sValue": 0.0,
            "tValue": 0.0
         }
      },
      {
         "bundle": [
            0.0,
            0.0,
            0.0,
            0.0
         ],
         "value": {
            "sValue": 0.0,
            "tValue": 0.0
         }
      }
   ]
}