{
   "bids": [
      {
         "bundle": [
            137.46593184373685,
            127.42879724951489,
            21.094302556978217,
            93.46608051562993
         ],
         "value": {
            "sValue": 0.0,
            "tValue": 538.8773219450023
         }
      },
      {
         "bundle": [
            83.84971642537427,
            161.15176071251867,
            33.7235467073383,
            37.72675995871104
         ],
         "value": {
            "sValue": 0.0,
            "tValue": 461.8376880994351
         }
      },
      {
         "bundle": [
            197.72058318824895,
            129.30854915696582,
            194.93897540463004,
            46.05758212026927
         ],
         "value": {
            "sValue": 0.0,
            "tValue": 611.9316904289581
         }
      }
   ]
}