{
   "bids": [
      {
         "bundle": [
            57.70269649079578,
            110.2331863055348,
            184.19047437441225,
            126.19092426413137
         ],
         "value": {
            "sValue": 0.0,
            "tValue": 587.1371340846212
         }
      },
      {
         "bundle": [
            54.194447377592425,
            3.049335355843308,
            184.596266362324,
            38.98646357610582
         ],
         "value": {
            "sValue": 0.0,
            "tValue": 403.8074646871797
         }
      },
      {
         "bundle": [
            72.91317165579132,
            185.0666153437984,
            161.20519563585646,
            17.83984204049489
         ],
         "value": {
            "sValue": 0.0,
            "tValue": 650.933455872371
         }
      }
   ]
}