{
   "bids": [
      {
         "bundle": [
            171.82018309694556,
            139.30197319148314,
            117.40816885530452,
            12.463001200532453
         ],
         "value": {
            "sValue": 0.0,
            "tValue": 654.2161172112538
         }
      },
      {
         "bundle": [
            176.01214536014774,
            6.099613431907258,
            188.8494389469446,
            190.6004802859555
         ],
         "value": {
            "sValue": 0.0,
            "tValue": 836.4073208113845
         }
      },
      {
         "bundle": [
            60.523894608854455,
            3.319349188412435,
            66.71101764158138,
            111.01611241084308
         ],
         "value": {
            "sValue": 0.0,
            "tValue": 301.9952030091687
         }
      }
   ]
}