{
   "bids": [
      {
         "bundle": [
            359.33802689574736,
            0.0,
            0.0,
            0.0
         ],
         "value": {
            "sValue": 0.0,
            "tValue": 0.2462470761540796
         }
      },
      {
         "bundle": [
            0.0,
            372.6951373847975,
            0.0,
            0.0
         ],
         "value": {
            "sValue": 0.0,
            "tValue": 0.1181279313113238
         }
      },
      {
         "bundle": [
            0.0,
            0.0,
            0.0,
            0.0
         ],
         "value": {
            "sValue": 0.0,
            "tValue": 0.0
         }
      },
      {
         "bundle": [
            0.0,
            0.0,
            0.0,
            0.0
         ],
         "value": {
            "sValue": 0.0,
            "tValue": 0.0
         }
      }
   ]
}