{
   "bids": [
      {
         "bundle": [
            60.885420871569536,
            164.01542386032608,
            101.13919586187885,
            40.39140758263695
         ],
         "value": {
            "sValue": 0.0,
            "tValue": 533.3226412413471
         }
      },
      {
         "bundle": [
            166.66419977306597,
            185.79757341037336,
            150.82252536613,
            76.59562594763037
         ],
         "value": {
            "sValue": 0.0,
            "tValue": 808.3363783440833
         }
      },
      {
         "bundle": [
            193.07872126914194,
            101.6902917967953,
            46.53290537397188,
            18.278432653296495
         ],
         "value": {
            "sValue": 0.0,
            "tValue": 432.5047345880732
         }
      }
   ]
}