{
   "bids": [
      {
         "bundle": [
            123.6183301979856,
            199.19880433413445,
            69.09067865727717,
            157.25721495941326
         ],
         "value": {
            "sValue": 0.0,
            "tValue": 570.0455994911345
         }
      },
      {
         "bundle": [
            107.00049111786005,
            70.41239425329103,
            162.4878307559622,
            15.836981356437807
         ],
         "value": {
            "sValue": 0.0,
            "tValue": 364.99733166301246
         }
      },
      {
         "bundle": [
            2.518749172063761,
            82.73185161429657,
            45.15836078118045,
            17.486595787517235
         ],
         "value": {
            "sValue": 0.0,
            "tValue": 152.07845896417956
         }
      }
   ]
}