{
   "providerProfitAve": 165.29535174705876,
   "providerProfitSD": 12.21890676125368,
   "providerTimeRatioAve": 0.5124614294907655,
   "providerTimeRatioSD": 0.05617707929762132,
   "requesterProfitAve": 158.19364786370136,
   "requesterProfitSD": 11.550997714556217,
   "sumCostAve": 645.6094439415803,
   "sumCostSD": 79.4902356320084,
   "sumProfitAve": 3234.8899961076013,
   "sumProfitSD": 237.63204726613085,
   "winBidAve": 10.0,
   "winBidSD": 0.0
}