{
   "bids": [
      {
         "bundle": [
            170.21269529865708,
            88.40878987375538,
            81.44165191230302,
            9.341218226215787
         ],
         "value": {
            "sValue": 0.0,
            "tValue": 481.0695104136349
         }
      },
      {
         "bundle": [
            121.23480065363901,
            185.830423995771,
            22.498613241834708,
            183.0805874661534
         ],
         "value": {
            "sValue": 0.0,
            "tValue": 634.5025426602601
         }
      },
      {
         "bundle": [
            130.60884886435952,
            73.90629701804026,
            38.74802593637443,
            101.16629490930555
         ],
         "value": {
            "sValue": 0.0,
            "tValue": 442.6582671762287
         }
      }
   ]
}