{
   "bids": [
      {
         "bundle": [
            77.95143697303999,
            197.3193739792934,
            116.78113842339374,
            49.195989064766366
         ],
         "value": {
            "sValue": 0.0,
            "tValue": 447.317040759543
         }
      },
      {
         "bundle": [
            165.46693099754233,
            56.124434049244854,
            130.3174117938485,
            153.2506019932942
         ],
         "value": {
            "sValue": 0.0,
            "tValue": 673.5215851851448
         }
      },
      {
         "bundle": [
            110.18143576289876,
            67.90235974774646,
            45.00440281912685,
            60.003537839799726
         ],
         "value": {
            "sValue": 0.0,
            "tValue": 408.1886379238181
         }
      }
   ]
}