{
   "bids": [
      {
         "bundle": [
            129.79790657061903,
            82.2552076900782,
            12.905642866032373,
            15.025221409571321
         ],
         "value": {
            "sValue": 0.0,
            "tValue": 276.7525942777805
         }
      },
      {
         "bundle": [
            45.297950433215426,
            166.03805744806118,
            124.34278640658309,
            14.09620773098319
         ],
         "value": {
            "sValue": 0.0,
            "tValue": 446.13398019377087
         }
      },
      {
         "bundle": [
            85.62862799939361,
            183.68649727036282,
            54.83741266935913,
            95.5556943460898
         ],
         "value": {
            "sValue": 0.0,
            "tValue": 471.6583114700491
         }
      }
   ]
}