{
   "bids": [
      {
         "bundle": [
            34.12797370458047,
            13.644009966845916,
            171.85592395511426,
            20.67308266230303
         ],
         "value": {
            "sValue": 0.0,
            "tValue": 342.09175746251844
         }
      },
      {
         "bundle": [
            79.76697505821761,
            104.08936769299115,
            48.80850818345945,
            169.67986430249536
         ],
         "value": {
            "sValue": 0.0,
            "tValue": 586.0755765335177
         }
      },
      {
         "bundle": [
            168.5923933612155,
            170.83255403098235,
            129.53555995259228,
            12.100093674045809
         ],
         "value": {
            "sValue": 0.0,
            "tValue": 585.803803124254
         }
      }
   ]
}