{
   "bids": [
      {
         "bundle": [
            165.92868450097563,
            163.0419933062556,
            175.39051562293915,
            90.84432081383638
         ],
         "value": {
            "sValue": 0.0,
            "tValue": 815.7939975063813
         }
      },
      {
         "bundle": [
            198.1310359972564,
            160.42636594792313,
            79.90466095403521,
            143.8624013372879
         ],
         "value": {
            "sValue": 0.0,
            "tValue": 597.8863704351295
         }
      },
      {
         "bundle": [
            90.57234646183774,
            156.31483274354295,
            143.55871938140334,
            79.81962782030831
         ],
         "value": {
            "sValue": 0.0,
            "tValue": 680.1837043960021
         }
      }
   ]
}