{
   "bids": [
      {
         "bundle": [
            0.0,
            0.0,
            0.0,
            0.0
         ],
         "value": {
            "sValue": 0.0,
            "tValue": 0.0
         }
      },
      {
         "bundle": [
            0.0,
            371.9625857295377,
            0.0,
            0.0
         ],
         "value": {
            "sValue": 0.0,
            "tValue": 0.40754859410941247
         }
      },
      {
         "bundle": [
            0.0,
            0.0,
            321.91404616817624,
            0.0
         ],
         "value": {
            "sValue": 0.0,
            "tValue": 0.3017142491361412
         }
      },
      {
         "bundle": [
            0.0,
            0.0,
            0.0,
            0.0
         ],
         "value": {
            "sValue": 0.0,
            "tValue": 0.0
         }
      }
   ]
}