{
   "bids": [
      {
         "bundle": [
            78.17033547704635,
            9.68134488634016,
            13.14354715580004,
            117.72633633020986
         ],
         "value": {
            "sValue": 0.0,
            "tValue": 257.9305932412143
         }
      },
      {
         "bundle": [
            22.305093498613072,
            2.12375430175491,
            159.53539330033365,
            189.31305656001481
         ],
         "value": {
            "sValue": 0.0,
            "tValue": 473.7173647623849
         }
      },
      {
         "bundle": [
            143.6169337891852,
            22.516606972617126,
            197.45354201059376,
            193.1673205207054
         ],
         "value": {
            "sValue": 0.0,
            "tValue": 565.0905846430405
         }
      }
   ]
}