{
   "bids": [
      {
         "bundle": [
            0.0,
            0.0,
            0.0,
            0.0
         ],
         "value": {
            "sValue": 0.0,
            "tValue": 0.0
         }
      },
      {
         "bundle": [
            0.0,
            338.23251548167286,
            0.0,
            0.0
         ],
         "value": {
            "sValue": 0.0,
            "tValue": 0.10095932691133434
         }
      },
      {
         "bundle": [
            0.0,
            0.0,
            0.0,
            0.0
         ],
         "value": {
            "sValue": 0.0,
            "tValue": 0.0
         }
      },
      {
         "bundle": [
            0.0,
            0.0,
            0.0,
            309.49948240547104
         ],
         "value": {
            "sValue": 0.0,
            "tValue": 0.3669901155870229
         }
      }
   ]
}