{
   "bids": [
      {
         "bundle": [
            194.04682096135625,
            29.66129588548929,
            108.65002957706157,
            99.29522972046622
         ],
         "value": {
            "sValue": 0.0,
            "tValue": 571.6361253837736
         }
      },
      {
         "bundle": [
            189.99982451552086,
            194.06754472165716,
            189.66534411497028,
            98.68241885624141
         ],
         "value": {
            "sValue": 0.0,
            "tValue": 830.3554774417042
         }
      },
      {
         "bundle": [
            118.84924509561297,
            147.64594796794808,
            42.07006680773691,
            109.07087395872563
         ],
         "value": {
            "sValue": 0.0,
            "tValue": 581.2374724526335
         }
      }
   ]
}