{
   "bids": [
      {
         "bundle": [
            135.39678420719733,
            32.39878629390489,
            82.23221124168568,
            80.2538204009208
         ],
         "value": {
            "sValue": 0.0,
            "tValue": 420.5402276760741
         }
      },
      {
         "bundle": [
            175.93582799465065,
            51.68537369559203,
            87.53858556678958,
            161.81087475761663
         ],
         "value": {
            "sValue": 0.0,
            "tValue": 493.4889176744647
         }
      },
      {
         "bundle": [
            33.482070837931,
            68.51329312269844,
            168.10714323768826,
            72.4889400119911
         ],
         "value": {
            "sValue": 0.0,
            "tValue": 465.4063359266699
         }
      }
   ]
}