{
   "bids": [
      {
         "bundle": [
            166.71397604785082,
            18.273004308526673,
            31.033251923411886,
            75.15850029903064
         ],
         "value": {
            "sValue": 0.0,
            "tValue": 430.896094236192
         }
      },
      {
         "bundle": [
            8.81965599235366,
            44.47877907981823,
            145.6233863069129,
            34.38965618140526
         ],
         "value": {
            "sValue": 0.0,
            "tValue": 288.31341611325394
         }
      },
      {
         "bundle": [
            169.86274561858914,
            89.67769538367254,
            188.16628082851287,
            142.81857708659422
         ],
         "value": {
            "sValue": 0.0,
            "tValue": 814.8774670027329
         }
      }
   ]
}