{
   "bids": [
      {
         "bundle": [
            0.0,
            0.0,
            0.0,
            0.0
         ],
         "value": {
            "sValue": 0.0,
            "tValue": 0.0
         }
      },
      {
         "bundle": [
            0.0,
            305.3710314131268,
            0.0,
            0.0
         ],
         "value": {
            "sValue": 0.0,
            "tValue": 0.34943920807303425
         }
      },
      {
         "bundle": [
            0.0,
            0.0,
            0.0,
            0.0
         ],
         "value": {
            "sValue": 0.0,
            "tValue": 0.0
         }
      },
      {
         "bundle": [
            0.0,
            0.0,
            0.0,
            359.234603248471
         ],
         "value": {
            "sValue": 0.0,
            "tValue": 0.3310931630458849
         }
      }
   ]
}