{
   "bids": [
      {
         "bundle": [
            0.0,
            0.0,
            0.0,
            0.0
         ],
         "value": {
            "sValue": 0.0,
            "tValue": 0.0
         }
      },
      {
         "bundle": [
            0.0,
            0.0,
            0.0,
            0.0
         ],
         "value": {
            "sValue": 0.0,
            "tValue": 0.0
         }
      },
      {
         "bundle": [
            0.0,
            0.0,
            355.71939329853853,
            0.0
         ],
         "value": {
            "sValue": 0.0,
            "tValue": 0.4716536423787129
         }
      },
      {
         "bundle": [
            0.0,
            0.0,
            0.0,
            396.98960741026826
         ],
         "value": {
            "sValue": 0.0,
            "tValue": 0.21031340359008865
         }
      }
   ]
}