{
   "bids": [
      {
         "bundle": [
            198.78201284678352,
            3.884697730947484,
            108.16373358661112,
            124.3419642922684
         ],
         "value": {
            "sValue": 0.0,
            "tValue": 524.8059767343965
         }
      },
      {
         "bundle": [
            194.5515614692768,
            52.92459963805904,
            147.17992631472177,
            144.11484514313878
         ],
         "value": {
            "sValue": 0.0,
            "tValue": 728.7100173502782
         }
      },
      {
         "bundle": [
            184.28890726951857,
            104.8675840694143,
            184.84905778007504,
            156.13683169871388
         ],
         "value": {
            "sValue": 0.0,
            "tValue": 729.1909781513829
         }
      }
   ]
}