{
   "bids": [
      {
         "bundle": [
            128.2277407746083,
            125.33957654859078,
            115.99034911527772,
            9.674018300915233
         ],
         "value": {
            "sValue": 0.0,
            "tValue": 395.25303519642233
         }
      },
      {
         "bundle": [
            137.8499408447936,
            118.91493110262236,
            58.782551384365036,
            153.29244870194125
         ],
         "value": {
            "sValue": 0.0,
            "tValue": 476.2223872407766
         }
      },
      {
         "bundle": [
            109.79344698411649,
            109.96608153377849,
            44.29333133756168,
            1.8349918422748468
         ],
         "value": {
            "sValue": 0.0,
            "tValue": 353.9153382086561
         }
      }
   ]
}