{
   "bids": [
      {
         "bundle": [
            32.18011676373314,
            50.83031963307671,
            74.71488303629145,
            91.07429168078653
         ],
         "value": {
            "sValue": 0.0,
            "tValue": 314.31188950879795
         }
      },
      {
         "bundle": [
            16.445136728357348,
            47.19541100198812,
            137.17250307651508,
            47.47718121486133
         ],
         "value": {
            "sValue": 0.0,
            "tValue": 316.55131531989326
         }
      },
      {
         "bundle": [
            45.07090858939138,
            161.69838090228635,
            192.1618025169743,
            185.73906520621952
         ],
         "value": {
            "sValue": 0.0,
            "tValue": 823.3523380531831
         }
      }
   ]
}