{
   "bids": [
      {
         "bundle": [
            0.0,
            0.0,
            0.0,
            0.0
         ],
         "value": {
            "sValue": 0.0,
            "tValue": 0.0
         }
      },
      {
         "bundle": [
            0.0,
            0.0,
            0.0,
            0.0
         ],
         "value": {
            "sValue": 0.0,
            "tValue": 0.0
         }
      },
      {
         "bundle": [
            0.0,
            0.0,
            362.21628245523283,
            0.0
         ],
         "value": {
            "sValue": 0.0,
            "tValue": 0.11031801479958131
         }
      },
      {
         "bundle": [
            0.0,
            0.0,
            0.0,
            427.7118177236148
         ],
         "value": {
            "sValue": 0.0,
            "tValue": 0.36617593752934274
         }
      }
   ]
}