{
   "bids": [
      {
         "bundle": [
            0.0,
            0.0,
            0.0,
            0.0
         ],
         "value": {
            "sValue": 0.0,
            "tValue": 0.0
         }
      },
      {
         "bundle": [
            0.0,
            362.40521693441946,
            0.0,
            0.0
         ],
         "value": {
            "sValue": 0.0,
            "tValue": 0.27342044926457854
         }
      },
      {
         "bundle": [
            0.0,
            0.0,
            386.09760905686073,
            0.0
         ],
         "value": {
            "sValue": 0.0,
            "tValue": 0.22999869154955063
         }
      },
      {
         "bundle": [
            0.0,
            0.0,
            0.0,
            0.0
         ],
         "value": {
            "sValue": 0.0,
            "tValue": 0.0
         }
      }
   ]
}