{
   "bids": [
      {
         "bundle": [
            12.346137422066782,
            187.5466508606989,
            60.7204381993955,
            93.88697196512246
         ],
         "value": {
            "sValue": 0.0,
            "tValue": 495.9883129830779
         }
      },
      {
         "bundle": [
            39.185585841969875,
            179.80119195738246,
            133.35771627060245,
            94.50169663120651
         ],
         "value": {
            "sValue": 0.0,
            "tValue": 648.2019827744731
         }
      },
      {
         "bundle": [
            102.83737426406945,
            9.714960909973836,
            105.08364911844421,
            105.85201546413572
         ],
         "value": {
            "sValue": 0.0,
            "tValue": 335.19407498006615
         }
      }
   ]
}