{
   "bids": [
      {
         "bundle": [
            184.4125434433639,
            77.97442436717188,
            134.66901404933768,
            14.229504870032429
         ],
         "value": {
            "sValue": 0.0,
            "tValue": 508.09193901439545
         }
      },
      {
         "bundle": [
            92.6001762707296,
            94.35071729062206,
            136.43469176989754,
            0.9609137852707672
         ],
         "value": {
            "sValue": 0.0,
            "tValue": 430.6874354839276
         }
      },
      {
         "bundle": [
            196.59123988113055,
            31.944480180016164,
            44.00684022516535,
            22.99310452236012
         ],
         "value": {
            "sValue": 0.0,
            "tValue": 375.04981799199413
         }
      }
   ]
}