{
   "bids": [
      {
         "bundle": [
            406.9052636989155,
            0.0,
            0.0,
            0.0
         ],
         "value": {
            "sValue": 0.0,
            "tValue": 0.14942445837288273
         }
      },
      {
         "bundle": [
            0.0,
            387.4084808342978,
            0.0,
            0.0
         ],
         "value": {
            "sValue": 0.0,
            "tValue": 0.27217395879919226
         }
      },
      {
         "bundle": [
            0.0,
            0.0,
            0.0,
            0.0
         ],
         "value": {
            "sValue": 0.0,
            "tValue": 0.0
         }
      },
      {
         "bundle": [
            0.0,
            0.0,
            0.0,
            0.0
         ],
         "value": {
            "sValue": 0.0,
            "tValue": 0.0
         }
      }
   ]
}