{
   "bids": [
      {
         "bundle": [
            0.0,
            0.0,
            0.0,
            0.0
         ],
         "value": {
            "sValue": 0.0,
            "tValue": 0.0
         }
      },
      {
         "bundle": [
            0.0,
            368.37515440691124,
            0.0,
            0.0
         ],
         "value": {
            "sValue": 0.0,
            "tValue": 0.26324177364110884
         }
      },
      {
         "bundle": [
            0.0,
            0.0,
            421.22413139686876,
            0.0
         ],
         "value": {
            "sValue": 0.0,
            "tValue": 0.4982330109320309
         }
      },
      {
         "bundle": [
            0.0,
            0.0,
            0.0,
            0.0
         ],
         "value": {
            "sValue": 0.0,
            "tValue": 0.0
         }
      }
   ]
}