{
   "bids": [
      {
         "bundle": [
            71.830254386279,
            157.6258982427258,
            56.53249702078958,
            115.49331962053056
         ],
         "value": {
            "sValue": 0.0,
            "tValue": 494.1949456616702
         }
      },
      {
         "bundle": [
            176.1502404425432,
            187.5455783119081,
            25.562547305992233,
            56.140592012006316
         ],
         "value": {
            "sValue": 0.0,
            "tValue": 618.9821666330107
         }
      },
      {
         "bundle": [
            55.78427596983393,
            186.7913828449236,
            115.80498466112368,
            142.0522375142872
         ],
         "value": {
            "sValue": 0.0,
            "tValue": 571.2490853095437
         }
      }
   ]
}