{
   "bids": [
      {
         "bundle": [
            190.47671156281564,
            160.55596849678687,
            175.29353938792303,
            90.68695725724685
         ],
         "value": {
            "sValue": 0.0,
            "tValue": 704.4039135510336
         }
      },
      {
         "bundle": [
            150.88000763441443,
            168.7843783103208,
            198.2509717304157,
            163.63336991598285
         ],
         "value": {
            "sValue": 0.0,
            "tValue": 868.0465198736566
         }
      },
      {
         "bundle": [
            89.28772798737641,
            35.05503630645106,
            13.42567333434246,
            172.5239561266647
         ],
         "value": {
            "sValue": 0.0,
            "tValue": 413.19960700550877
         }
      }
   ]
}