{
   "bids": [
      {
         "bundle": [
            140.14474258481607,
            153.27503265586765,
            121.24126640036397,
            118.04389132149689
         ],
         "value": {
            "sValue": 0.0,
            "tValue": 740.2516319180945
         }
      },
      {
         "bundle": [
            98.86562791968218,
            0.2300703738762344,
            33.13663913733764,
            41.299417148282956
         ],
         "value": {
            "sValue": 0.0,
            "tValue": 244.6759468473194
         }
      },
      {
         "bundle": [
            98.59817312191097,
            41.245802148027046,
            161.5819034884808,
            115.69211724854765
         ],
         "value": {
            "sValue": 0.0,
            "tValue": 622.122662896208
         }
      }
   ]
}