{
   "bids": [
      {
         "bundle": [
            0.0,
            0.0,
            0.0,
            0.0
         ],
         "value": {
            "sValue": 0.0,
            "tValue": 0.0
         }
      },
      {
         "bundle": [
            0.0,
            416.4088469874873,
            0.0,
            0.0
         ],
         "value": {
            "sValue": 0.0,
            "tValue": 0.21297002735180698
         }
      },
      {
         "bundle": [
            0.0,
            0.0,
            0.0,
            0.0
         ],
         "value": {
            "sValue": 0.0,
            "tValue": 0.0
         }
      },
      {
         "bundle": [
            0.0,
            0.0,
            0.0,
            435.3191056413671
         ],
         "value": {
            "sValue": 0.0,
            "tValue": 0.4706281417398871
         }
      }
   ]
}