{
   "bids": [
      {
         "bundle": [
            90.61764540513244,
            111.63911913261757,
            36.19240235455965,
            89.07439656407772
         ],
         "value": {
            "sValue": 0.0,
            "tValue": 358.79315152823574
         }
      },
      {
         "bundle": [
            123.28505767476092,
            43.84430756818709,
            144.78429539295405,
            170.97263494665341
         ],
         "value": {
            "sValue": 0.0,
            "tValue": 695.5227020261024
         }
      },
      {
         "bundle": [
            106.8888271512922,
            41.68723288645473,
            170.56253143485554,
            6.688667006155535
         ],
         "value": {
            "sValue": 0.0,
            "tValue": 349.12302486312933
         }
      }
   ]
}