{
   "bids": [
      {
         "bundle": [
            122.56733138034043,
            148.0062737389889,
            125.38881499530972,
            87.79787285665583
         ],
         "value": {
            "sValue": 0.0,
            "tValue": 618.3678536546424
         }
      },
      {
         "bundle": [
            27.541796564430697,
            171.01008838806771,
            57.248388448265054,
            33.86406349984947
         ],
         "value": {
            "sValue": 0.0,
            "tValue": 360.1579420155133
         }
      },
      {
         "bundle": [
            136.720816731883,
            160.1186760814497,
            91.62780667333416,
            62.51670139543724
         ],
         "value": {
            "sValue": 0.0,
            "tValue": 611.9601511819651
         }
      }
   ]
}