{
   "bids": [
      {
         "bundle": [
            38.055567152213186,
            86.40141126194058,
            31.584836555075047,
            77.62546843551148
         ],
         "value": {
            "sValue": 0.0,
            "tValue": 333.7152929391061
         }
      },
      {
         "bundle": [
            44.5685122774645,
            78.19671572749209,
            92.94382208722783,
            176.24435032815256
         ],
         "value": {
            "sValue": 0.0,
            "tValue": 479.9191701519271
         }
      },
      {
         "bundle": [
            170.15940171263543,
            183.73889919757843,
            4.484475125938792,
            171.89452883532084
         ],
         "value": {
            "sValue": 0.0,
            "tValue": 628.299059521643
         }
      }
   ]
}