{
   "providerProfitAve": 147.74723732047872,
   "providerProfitSD": 15.227518425977474,
   "providerTimeRatioAve": 0.4281162334077515,
   "providerTimeRatioSD": 0.04724770327366599,
   "requesterProfitAve": 147.74723732047872,
   "requesterProfitSD": 15.227518425977474,
   "sumCostAve": 661.5410802299724,
   "sumCostSD": 53.54162749669422,
   "sumProfitAve": 2954.944746409574,
   "sumProfitSD": 304.5503685195493,
   "tradeAve": 53.475336335868974,
   "tradeSD": 4.831496934159417,
   "winBidAve": 10.0,
   "winBidSD": 0.0
}