{
   "providerProfitAve": 156.09411426670158,
   "providerProfitSD": 15.581267488254747,
   "providerTimeRatioAve": 0.4279878005032048,
   "providerTimeRatioSD": 0.04748218760224659,
   "requesterProfitAve": 139.60732955651775,
   "requesterProfitSD": 14.577954813458646,
   "sumCostAve": 659.4713884073532,
   "sumCostSD": 56.01601097244526,
   "sumProfitAve": 2957.014438232193,
   "sumProfitSD": 301.4339405639789,
   "tradeAve": 55.51031327685922,
   "tradeSD": 5.018931877747824,
   "winBidAve": 10.0,
   "winBidSD": 0.0
}