{
   "bids": [
      {
         "bundle": [
            0.0,
            0.0,
            0.0,
            0.0
         ],
         "value": {
            "sValue": 0.0,
            "tValue": 0.0
         }
      },
      {
         "bundle": [
            0.0,
            0.0,
            0.0,
            0.0
         ],
         "value": {
            "sValue": 0.0,
            "tValue": 0.0
         }
      },
      {
         "bundle": [
            0.0,
            0.0,
            378.8657874369537,
            0.0
         ],
         "value": {
            "sValue": 0.0,
            "tValue": 0.32351275297808424
         }
      },
      {
         "bundle": [
            0.0,
            0.0,
            0.0,
            430.2690228351553
         ],
         "value": {
            "sValue": 0.0,
            "tValue": 0.1250924696610053
         }
      }
   ]
}