{
   "bids": [
      {
         "bundle": [
            6.297421872024134,
            67.36610853829336,
            153.78383820287885,
            190.86789185129192
         ],
         "value": {
            "sValue": 0.0,
            "tValue": 533.7222917524665
         }
      },
      {
         "bundle": [
            181.94671406052095,
            6.459650382335691,
            80.57239528775693,
            188.19761760268662
         ],
         "value": {
            "sValue": 0.0,
            "tValue": 624.7984762315916
         }
      },
      {
         "bundle": [
            92.42890952941964,
            104.68433264270314,
            120.00823775967994,
            171.77400950285826
         ],
         "value": {
            "sValue": 0.0,
            "tValue": 579.7866392572952
         }
      }
   ]
}