{
   "bids": [
      {
         "bundle": [
            169.77926866816284,
            119.86759658573074,
            73.81025969304453,
            172.56286669009242
         ],
         "value": {
            "sValue": 0.0,
            "tValue": 570.2791124427405
         }
      },
      {
         "bundle": [
            32.86686904682161,
            167.0971204235633,
            21.840382867249453,
            169.57300793794764
         ],
         "value": {
            "sValue": 0.0,
            "tValue": 428.5798731011493
         }
      },
      {
         "bundle": [
            57.52498032479676,
            1.747503478339385,
            112.22575794025242,
            131.25252830043982
         ],
         "value": {
            "sValue": 0.0,
            "tValue": 441.8512319431874
         }
      }
   ]
}