{
   "bids": [
      {
         "bundle": [
            0.0,
            0.0,
            0.0,
            0.0
         ],
         "value": {
            "sValue": 0.0,
            "tValue": 0.0
         }
      },
      {
         "bundle": [
            0.0,
            406.3859173916431,
            0.0,
            0.0
         ],
         "value": {
            "sValue": 0.0,
            "tValue": 0.15288878183045043
         }
      },
      {
         "bundle": [
            0.0,
            0.0,
            398.7438952360055,
            0.0
         ],
         "value": {
            "sValue": 0.0,
            "tValue": 0.20370038095353676
         }
      },
      {
         "bundle": [
            0.0,
            0.0,
            0.0,
            0.0
         ],
         "value": {
            "sValue": 0.0,
            "tValue": 0.0
         }
      }
   ]
}