{
   "bids": [
      {
         "bundle": [
            0.0,
            0.0,
            0.0,
            0.0
         ],
         "value": {
            "sValue": 0.0,
            "tValue": 0.0
         }
      },
      {
         "bundle": [
            0.0,
            386.6244112050171,
            0.0,
            0.0
         ],
         "value": {
            "sValue": 0.0,
            "tValue": 0.3379992341489312
         }
      },
      {
         "bundle": [
            0.0,
            0.0,
            387.225315594037,
            0.0
         ],
         "value": {
            "sValue": 0.0,
            "tValue": 0.37320104736303483
         }
      },
      {
         "bundle": [
            0.0,
            0.0,
            0.0,
            0.0
         ],
         "value": {
            "sValue": 0.0,
            "tValue": 0.0
         }
      }
   ]
}