{
   "bids": [
      {
         "bundle": [
            92.63648601300285,
            149.46290371043037,
            54.481260161265425,
            123.63363915627144
         ],
         "value": {
            "sValue": 0.0,
            "tValue": 491.46189674167033
         }
      },
      {
         "bundle": [
            120.98625639033035,
            108.8200459875516,
            70.17864186109168,
            57.103890112974476
         ],
         "value": {
            "sValue": 0.0,
            "tValue": 369.30127450100395
         }
      },
      {
         "bundle": [
            116.92831306698832,
            146.8630881148076,
            162.22613217809266,
            8.415034741078898
         ],
         "value": {
            "sValue": 0.0,
            "tValue": 606.148381407292
         }
      }
   ]
}