{
   "bids": [
      {
         "bundle": [
            358.2802677948781,
            0.0,
            0.0,
            0.0
         ],
         "value": {
            "sValue": 0.0,
            "tValue": 0.4210168000254454
         }
      },
      {
         "bundle": [
            0.0,
            373.88413440990297,
            0.0,
            0.0
         ],
         "value": {
            "sValue": 0.0,
            "tValue": 0.2649024061244335
         }
      },
      {
         "bundle": [
            0.0,
            0.0,
            0.0,
            0.0
         ],
         "value": {
            "sValue": 0.0,
            "tValue": 0.0
         }
      },
      {
         "bundle": [
            0.0,
            0.0,
            0.0,
            0.0
         ],
         "value": {
            "sValue": 0.0,
            "tValue": 0.0
         }
      }
   ]
}