{
   "bids": [
      {
         "bundle": [
            0.0,
            0.0,
            0.0,
            0.0
         ],
         "value": {
            "sValue": 0.0,
            "tValue": 0.0
         }
      },
      {
         "bundle": [
            0.0,
            385.7555308240261,
            0.0,
            0.0
         ],
         "value": {
            "sValue": 0.0,
            "tValue": 0.307991185272789
         }
      },
      {
         "bundle": [
            0.0,
            0.0,
            0.0,
            0.0
         ],
         "value": {
            "sValue": 0.0,
            "tValue": 0.0
         }
      },
      {
         "bundle": [
            0.0,
            0.0,
            0.0,
            380.93811940249884
         ],
         "value": {
            "sValue": 0.0,
            "tValue": 0.26640660837965147
         }
      }
   ]
}