{
   "bids": [
      {
         "bundle": [
            113.92347954515036,
            99.16486940383489,
            0.5475687386679473,
            158.12474142042342
         ],
         "value": {
            "sValue": 0.0,
            "tValue": 392.0587566908994
         }
      },
      {
         "bundle": [
            54.65698815606403,
            56.03419572046058,
            19.108193403700334,
            194.00442083027707
         ],
         "value": {
            "sValue": 0.0,
            "tValue": 400.66473907647804
         }
      },
      {
         "bundle": [
            156.54210267275357,
            159.31720857835492,
            47.96584688656016,
            188.4729688523442
         ],
         "value": {
            "sValue": 0.0,
            "tValue": 593.0063050878224
         }
      }
   ]
}