{
   "bids": [
      {
         "bundle": [
            0.0,
            0.0,
            0.0,
            0.0
         ],
         "value": {
            "sValue": 0.0,
            "tValue": 0.0
         }
      },
      {
         "bundle": [
            0.0,
            430.1839315160045,
            0.0,
            0.0
         ],
         "value": {
            "sValue": 0.0,
            "tValue": 0.493713180564326
         }
      },
      {
         "bundle": [
            0.0,
            0.0,
            0.0,
            0.0
         ],
         "value": {
            "sValue": 0.0,
            "tValue": 0.0
         }
      },
      {
         "bundle": [
            0.0,
            0.0,
            0.0,
            372.648101807676
         ],
         "value": {
            "sValue": 0.0,
            "tValue": 0.17153861541271526
         }
      }
   ]
}