{
   "bids": [
      {
         "bundle": [
            25.327695274384144,
            90.6857265557619,
            90.38550347369991,
            85.6055757449649
         ],
         "value": {
            "sValue": 0.0,
            "tValue": 401.30798775858295
         }
      },
      {
         "bundle": [
            127.11156232840177,
            48.45365775103154,
            167.18957740376567,
            107.67106911337771
         ],
         "value": {
            "sValue": 0.0,
            "tValue": 671.2042830456552
         }
      },
      {
         "bundle": [
            157.81660766719594,
            107.73483482185632,
            3.389330327938067,
            81.95761925305919
         ],
         "value": {
            "sValue": 0.0,
            "tValue": 358.57055230905036
         }
      }
   ]
}