{
   "bids": [
      {
         "bundle": [
            11.034153806241399,
            142.16378391280767,
            19.700574661648762,
            79.13673221381843
         ],
         "value": {
            "sValue": 0.0,
            "tValue": 252.75743658610224
         }
      },
      {
         "bundle": [
            145.73372049008256,
            165.2143046514262,
            39.908439877255745,
            135.0456995854603
         ],
         "value": {
            "sValue": 0.0,
            "tValue": 628.950335206758
         }
      },
      {
         "bundle": [
            9.749608443801794,
            109.41489792903344,
            84.47534023894958,
            139.61497728342152
         ],
         "value": {
            "sValue": 0.0,
            "tValue": 386.4326390009794
         }
      }
   ]
}