{
   "bids": [
      {
         "bundle": [
            0.0,
            0.0,
            0.0,
            0.0
         ],
         "value": {
            "sValue": 0.0,
            "tValue": 0.0
         }
      },
      {
         "bundle": [
            0.0,
            0.0,
            0.0,
            0.0
         ],
         "value": {
            "sValue": 0.0,
            "tValue": 0.0
         }
      },
      {
         "bundle": [
            0.0,
            0.0,
            410.76003504590307,
            0.0
         ],
         "value": {
            "sValue": 0.0,
            "tValue": 0.18295397470064195
         }
      },
      {
         "bundle": [
            0.0,
            0.0,
            0.0,
            375.65906427699565
         ],
         "value": {
            "sValue": 0.0,
            "tValue": 0.3793987639673141
         }
      }
   ]
}