{
   "bids": [
      {
         "bundle": [
            102.0711956966078,
            3.9676613493292434,
            89.49348587917143,
            161.13697052334612
         ],
         "value": {
            "sValue": 0.0,
            "tValue": 420.65293466565055
         }
      },
      {
         "bundle": [
            192.4498701889163,
            102.98593339560686,
            7.62704258092286,
            47.24636596016482
         ],
         "value": {
            "sValue": 0.0,
            "tValue": 430.9105200571137
         }
      },
      {
         "bundle": [
            128.5040006830043,
            31.851182826633217,
            117.16124594409428,
            192.2386779872842
         ],
         "value": {
            "sValue": 0.0,
            "tValue": 648.5059354369383
         }
      }
   ]
}