{
   "bids": [
      {
         "bundle": [
            6.664852676816624,
            60.463271745093095,
            79.139141321462,
            89.21325968235148
         ],
         "value": {
            "sValue": 0.0,
            "tValue": 342.20112656476897
         }
      },
      {
         "bundle": [
            21.79579681213484,
            107.38144881726174,
            27.104280994622698,
            168.9252390016346
         ],
         "value": {
            "sValue": 0.0,
            "tValue": 449.19399914150017
         }
      },
      {
         "bundle": [
            180.3479097328214,
            28.062739215823363,
            88.19452353803001,
            23.47328932465804
         ],
         "value": {
            "sValue": 0.0,
            "tValue": 382.1224311965237
         }
      }
   ]
}