{
   "bids": [
      {
         "bundle": [
            92.28030294983454,
            118.46064266404748,
            185.32238376377688,
            51.18515000494186
         ],
         "value": {
            "sValue": 0.0,
            "tValue": 472.7971557739812
         }
      },
      {
         "bundle": [
            97.58202841721481,
            40.0108484220814,
            33.91021602962623,
            84.40013603759272
         ],
         "value": {
            "sValue": 0.0,
            "tValue": 288.9683643598159
         }
      },
      {
         "bundle": [
            87.79988045185809,
            127.49247481072004,
            185.31441598885348,
            30.575341953033174
         ],
         "value": {
            "sValue": 0.0,
            "tValue": 549.4398609902548
         }
      }
   ]
}