{
   "bids": [
      {
         "bundle": [
            169.7086453409765,
            192.9127216017626,
            168.17320604360435,
            96.81056354534815
         ],
         "value": {
            "sValue": 0.0,
            "tValue": 879.1750716629061
         }
      },
      {
         "bundle": [
            32.68908163888613,
            9.340730885863803,
            158.11652053665523,
            6.494670715350992
         ],
         "value": {
            "sValue": 0.0,
            "tValue": 257.0555240004148
         }
      },
      {
         "bundle": [
            160.20918801630032,
            122.5422372824877,
            134.27303432399046,
            165.01850060424806
         ],
         "value": {
            "sValue": 0.0,
            "tValue": 681.3794507701303
         }
      }
   ]
}