{
   "bids": [
      {
         "bundle": [
            104.92214991156708,
            172.78406718282443,
            175.39214933521689,
            119.39910497506969
         ],
         "value": {
            "sValue": 0.0,
            "tValue": 730.9630568423354
         }
      },
      {
         "bundle": [
            34.507931472841435,
            8.224901000991958,
            57.73417809283432,
            156.28710579317195
         ],
         "value": {
            "sValue": 0.0,
            "tValue": 352.0367413269084
         }
      },
      {
         "bundle": [
            165.22392276389922,
            98.7104360754077,
            76.84924917576564,
            88.53138067729806
         ],
         "value": {
            "sValue": 0.0,
            "tValue": 482.2214736251652
         }
      }
   ]
}