{
   "bids": [
      {
         "bundle": [
            0.0,
            0.0,
            0.0,
            0.0
         ],
         "value": {
            "sValue": 0.0,
            "tValue": 0.0
         }
      },
      {
         "bundle": [
            0.0,
            118.54233817093296,
            0.0,
            0.0
         ],
         "value": {
            "sValue": 0.17250277636985925,
            "tValue": 0.40304387002303566
         }
      },
      {
         "bundle": [
            0.0,
            0.0,
            0.0,
            0.0
         ],
         "value": {
            "sValue": 0.0,
            "tValue": 0.0
         }
      },
      {
         "bundle": [
            0.0,
            0.0,
            0.0,
            130.60952717650346
         ],
         "value": {
            "sValue": 0.1857252858639845,
            "tValue": 0.4339375837943563
         }
      }
   ]
}