{
   "bids": [
      {
         "bundle": [
            30.827958038123505,
            117.79281480582581,
            79.53135218656153,
            67.40613028554922
         ],
         "value": {
            "sValue": 0.0,
            "tValue": 411.28628717244607
         }
      },
      {
         "bundle": [
            102.7831630385126,
            18.850991418233363,
            63.28814601115764,
            36.38000654777904
         ],
         "value": {
            "sValue": 0.0,
            "tValue": 247.57661359864397
         }
      },
      {
         "bundle": [
            86.96302600083116,
            40.46241515258326,
            54.05847936799151,
            58.72259791530201
         ],
         "value": {
            "sValue": 0.0,
            "tValue": 302.6835553223019
         }
      }
   ]
}