{
   "bids": [
      {
         "bundle": [
            58.87974567359598,
            126.3774030750503,
            180.88650760302536,
            90.80769408315142
         ],
         "value": {
            "sValue": 0.0,
            "tValue": 677.2899039334345
         }
      },
      {
         "bundle": [
            114.5295090766411,
            170.50052485191372,
            26.1756254794038,
            134.6325152764206
         ],
         "value": {
            "sValue": 0.0,
            "tValue": 528.2387925607173
         }
      },
      {
         "bundle": [
            198.6856392301612,
            146.51827062160393,
            43.18705518485797,
            165.05284634852165
         ],
         "value": {
            "sValue": 0.0,
            "tValue": 621.6177463537588
         }
      }
   ]
}