{
   "bids": [
      {
         "bundle": [
            102.89369209296602,
            0.0,
            0.0,
            0.0
         ],
         "value": {
            "sValue": 0.01880237668413087,
            "tValue": 0.16939078093811594
         }
      },
      {
         "bundle": [
            0.0,
            0.0,
            0.0,
            0.0
         ],
         "value": {
            "sValue": 0.0,
            "tValue": 0.0
         }
      },
      {
         "bundle": [
            0.0,
            0.0,
            0.0,
            0.0
         ],
         "value": {
            "sValue": 0.0,
            "tValue": 0.0
         }
      },
      {
         "bundle": [
            0.0,
            0.0,
            0.0,
            119.30563087861256
         ],
         "value": {
            "sValue": 0.039979242358816856,
            "tValue": 0.3601733545839356
         }
      }
   ]
}