{
   "bids": [
      {
         "bundle": [
            126.77996329143284,
            0.0,
            0.0,
            0.0
         ],
         "value": {
            "sValue": 0.015599218414971614,
            "tValue": 0.1405334992339785
         }
      },
      {
         "bundle": [
            0.0,
            0.0,
            0.0,
            0.0
         ],
         "value": {
            "sValue": 0.0,
            "tValue": 0.0
         }
      },
      {
         "bundle": [
            0.0,
            0.0,
            0.0,
            0.0
         ],
         "value": {
            "sValue": 0.0,
            "tValue": 0.0
         }
      },
      {
         "bundle": [
            0.0,
            0.0,
            0.0,
            103.83444821842266
         ],
         "value": {
            "sValue": 0.04775329893087655,
            "tValue": 0.4302099002781671
         }
      }
   ]
}