{
   "bids": [
      {
         "bundle": [
            0.0,
            0.0,
            0.0,
            0.0
         ],
         "value": {
            "sValue": 0.0,
            "tValue": 0.0
         }
      },
      {
         "bundle": [
            0.0,
            137.4492854095972,
            0.0,
            0.0
         ],
         "value": {
            "sValue": 0.0,
            "tValue": 0.39186484940863164
         }
      },
      {
         "bundle": [
            0.0,
            0.0,
            148.29887964047552,
            0.0
         ],
         "value": {
            "sValue": 0.0,
            "tValue": 0.4646108734354376
         }
      },
      {
         "bundle": [
            0.0,
            0.0,
            0.0,
            0.0
         ],
         "value": {
            "sValue": 0.0,
            "tValue": 0.0
         }
      }
   ]
}