{
   "bids": [
      {
         "bundle": [
            132.4526257406161,
            180.26213209603563,
            174.0985611015207,
            170.517731105121
         ],
         "value": {
            "sValue": 0.0,
            "tValue": 845.5098282153923
         }
      },
      {
         "bundle": [
            137.27206646722047,
            89.80332067924115,
            48.109574009774626,
            183.29182342868742
         ],
         "value": {
            "sValue": 0.0,
            "tValue": 631.3096713299193
         }
      },
      {
         "bundle": [
            123.18396705564697,
            50.52562279645818,
            141.5657238187678,
            110.67060018278319
         ],
         "value": {
            "sValue": 0.0,
            "tValue": 601.4481829764715
         }
      }
   ]
}