{
   "bids": [
      {
         "bundle": [
            197.95722640618044,
            71.1213949872723,
            60.227857683521215,
            143.5918582452748
         ],
         "value": {
            "sValue": 0.0,
            "tValue": 513.4441292958019
         }
      },
      {
         "bundle": [
            195.44961185507552,
            56.09978604401569,
            60.02559710134319,
            16.781063039788947
         ],
         "value": {
            "sValue": 0.0,
            "tValue": 430.7330092031678
         }
      },
      {
         "bundle": [
            92.48449482850816,
            133.3385973440867,
            31.951825203670857,
            93.6327713381763
         ],
         "value": {
            "sValue": 0.0,
            "tValue": 520.1360627278698
         }
      }
   ]
}