{
   "bids": [
      {
         "bundle": [
            66.20368638766561,
            39.3276712262846,
            21.26080047056096,
            142.05792778273423
         ],
         "value": {
            "sValue": 0.0,
            "tValue": 347.1522701510196
         }
      },
      {
         "bundle": [
            15.797516986249427,
            108.6786657670086,
            88.15324583856383,
            93.34814705269
         ],
         "value": {
            "sValue": 0.0,
            "tValue": 394.54639388739224
         }
      },
      {
         "bundle": [
            64.5855948535546,
            186.60044856149293,
            49.5060922479416,
            179.6865716510754
         ],
         "value": {
            "sValue": 0.0,
            "tValue": 586.5920428055273
         }
      }
   ]
}