{
   "bids": [
      {
         "bundle": [
            113.18758119796821,
            16.280630722700252,
            23.405751405993257,
            194.5211877715082
         ],
         "value": {
            "sValue": 0.0,
            "tValue": 446.1393409504079
         }
      },
      {
         "bundle": [
            182.43576267373004,
            54.37226562902433,
            4.4124547727449,
            80.08695026101704
         ],
         "value": {
            "sValue": 0.0,
            "tValue": 333.00203363491806
         }
      },
      {
         "bundle": [
            21.130373652796596,
            120.30718038248385,
            47.052996778104905,
            131.9615475786285
         ],
         "value": {
            "sValue": 0.0,
            "tValue": 420.8032353101242
         }
      }
   ]
}