{
   "bids": [
      {
         "bundle": [
            14.781036909381529,
            118.4913939410314,
            72.90229381650441,
            18.222454307582336
         ],
         "value": {
            "sValue": 0.0,
            "tValue": 269.0376863961628
         }
      },
      {
         "bundle": [
            56.76337682683648,
            124.53318251223615,
            190.1764625085194,
            172.62871421846592
         ],
         "value": {
            "sValue": 0.0,
            "tValue": 616.5574252216082
         }
      },
      {
         "bundle": [
            192.6322518081218,
            185.58087769189126,
            91.20835415098294,
            90.9624699750356
         ],
         "value": {
            "sValue": 0.0,
            "tValue": 635.7874120332203
         }
      }
   ]
}