{
   "bids": [
      {
         "bundle": [
            0.0,
            0.0,
            0.0,
            0.0
         ],
         "value": {
            "sValue": 0.0,
            "tValue": 0.0
         }
      },
      {
         "bundle": [
            0.0,
            0.0,
            0.0,
            0.0
         ],
         "value": {
            "sValue": 0.0,
            "tValue": 0.0
         }
      },
      {
         "bundle": [
            0.0,
            0.0,
            320.95026162148906,
            0.0
         ],
         "value": {
            "sValue": 0.0,
            "tValue": 0.24578128786163825
         }
      },
      {
         "bundle": [
            0.0,
            0.0,
            0.0,
            374.08070184650563
         ],
         "value": {
            "sValue": 0.0,
            "tValue": 0.1812053118743868
         }
      }
   ]
}