{
   "bids": [
      {
         "bundle": [
            161.71295651316845,
            148.1995983559515,
            102.21514142907893,
            160.00145557723724
         ],
         "value": {
            "sValue": 0.0,
            "tValue": 643.178257591872
         }
      },
      {
         "bundle": [
            76.0570576664284,
            104.8988079717049,
            122.65344340756921,
            137.35870353703962
         ],
         "value": {
            "sValue": 0.0,
            "tValue": 617.5921406495744
         }
      },
      {
         "bundle": [
            143.57787230834225,
            89.17459327094288,
            190.44704230205892,
            163.97720818184712
         ],
         "value": {
            "sValue": 0.0,
            "tValue": 678.5230343211962
         }
      }
   ]
}