{
   "bids": [
      {
         "bundle": [
            195.3531433083262,
            136.34076126130782,
            139.6659590383353,
            48.21649995497772
         ],
         "value": {
            "sValue": 0.0,
            "tValue": 694.3143558293291
         }
      },
      {
         "bundle": [
            109.99353216859808,
            146.81858739046393,
            87.85607969863034,
            28.686963427363832
         ],
         "value": {
            "sValue": 0.0,
            "tValue": 433.40311019158776
         }
      },
      {
         "bundle": [
            199.44956549772252,
            175.95666539363256,
            102.93497641011442,
            193.21590079929845
         ],
         "value": {
            "sValue": 0.0,
            "tValue": 909.8609032338982
         }
      }
   ]
}