{
   "bids": [
      {
         "bundle": [
            194.70695810921518,
            158.32158646760521,
            45.9872475219276,
            14.026392207633531
         ],
         "value": {
            "sValue": 0.0,
            "tValue": 427.4447387090264
         }
      },
      {
         "bundle": [
            186.02715056152482,
            136.40996723018378,
            101.56514921213879,
            89.12541137984947
         ],
         "value": {
            "sValue": 0.0,
            "tValue": 707.0988589139088
         }
      },
      {
         "bundle": [
            114.22472126263857,
            70.13315763839678,
            125.77191571638127,
            113.28259265698415
         ],
         "value": {
            "sValue": 0.0,
            "tValue": 465.63857753831917
         }
      }
   ]
}