{
   "bids": [
      {
         "bundle": [
            95.38335022479187,
            110.70404402014145,
            176.91039183930428,
            96.75665274100633
         ],
         "value": {
            "sValue": 0.0,
            "tValue": 599.7007545803792
         }
      },
      {
         "bundle": [
            74.11662794513502,
            8.446149516511747,
            173.20277996445162,
            159.6378573954394
         ],
         "value": {
            "sValue": 0.0,
            "tValue": 570.8673140319088
         }
      },
      {
         "bundle": [
            10.239394075149665,
            165.16331279453507,
            92.2918003097788,
            3.6687282956888057
         ],
         "value": {
            "sValue": 0.0,
            "tValue": 320.5187201710277
         }
      }
   ]
}