{
   "bids": [
      {
         "bundle": [
            99.49624559022745,
            52.94272550923949,
            168.53111590049485,
            66.26184468209169
         ],
         "value": {
            "sValue": 0.0,
            "tValue": 404.420875051982
         }
      },
      {
         "bundle": [
            8.41382651046465,
            26.949164919315116,
            12.812436440781205,
            83.07734224272714
         ],
         "value": {
            "sValue": 0.0,
            "tValue": 194.1863292796266
         }
      },
      {
         "bundle": [
            161.85082676410346,
            134.63868532592602,
            132.08283042312632,
            33.497105962333904
         ],
         "value": {
            "sValue": 0.0,
            "tValue": 638.870769385635
         }
      }
   ]
}