{
   "bids": [
      {
         "bundle": [
            391.93668037876546,
            0.0,
            0.0,
            0.0
         ],
         "value": {
            "sValue": 0.0,
            "tValue": 0.354210243965578
         }
      },
      {
         "bundle": [
            0.0,
            336.4388541729656,
            0.0,
            0.0
         ],
         "value": {
            "sValue": 0.0,
            "tValue": 0.27345682893482454
         }
      },
      {
         "bundle": [
            0.0,
            0.0,
            0.0,
            0.0
         ],
         "value": {
            "sValue": 0.0,
            "tValue": 0.0
         }
      },
      {
         "bundle": [
            0.0,
            0.0,
            0.0,
            0.0
         ],
         "value": {
            "sValue": 0.0,
            "tValue": 0.0
         }
      }
   ]
}