{
   "bids": [
      {
         "bundle": [
            24.855338366798563,
            97.64885623963555,
            181.5764427124663,
            178.24770833842203
         ],
         "value": {
            "sValue": 0.0,
            "tValue": 556.8838441120737
         }
      },
      {
         "bundle": [
            145.2373789532734,
            29.52669382113744,
            59.33284831950758,
            102.44684200191179
         ],
         "value": {
            "sValue": 0.0,
            "tValue": 356.9110880438229
         }
      },
      {
         "bundle": [
            153.6924039035007,
            27.973458859331735,
            2.81209484460192,
            116.32870201583513
         ],
         "value": {
            "sValue": 0.0,
            "tValue": 347.06047113950524
         }
      }
   ]
}