{
   "bids": [
      {
         "bundle": [
            0.0,
            0.0,
            0.0,
            0.0
         ],
         "value": {
            "sValue": 0.0,
            "tValue": 0.0
         }
      },
      {
         "bundle": [
            0.0,
            388.95006684094255,
            0.0,
            0.0
         ],
         "value": {
            "sValue": 0.0,
            "tValue": 0.17344076647899515
         }
      },
      {
         "bundle": [
            0.0,
            0.0,
            340.61182173597183,
            0.0
         ],
         "value": {
            "sValue": 0.0,
            "tValue": 0.1436717592774026
         }
      },
      {
         "bundle": [
            0.0,
            0.0,
            0.0,
            0.0
         ],
         "value": {
            "sValue": 0.0,
            "tValue": 0.0
         }
      }
   ]
}