{
   "providerProfitAve": 192.09562449929268,
   "providerProfitSD": 5.375069756910718,
   "providerTimeRatioAve": 0.7183891696385093,
   "providerTimeRatioSD": 0.033590408259208226,
   "requesterProfitAve": 89.87151503869659,
   "requesterProfitSD": 8.24702051739317,
   "sumCostAve": 701.1772614330542,
   "sumCostSD": 72.24840321886258,
   "sumProfitAve": 2819.671395379893,
   "sumProfitSD": 110.04361466158281,
   "tradeAve": 73.05532376078125,
   "tradeSD": 7.555552820178165,
   "winBidAve": 9.4,
   "winBidSD": 0.48989794855663565
}