{
   "bids": [
      {
         "bundle": [
            138.30558723928183,
            0.0,
            0.0,
            0.0
         ],
         "value": {
            "sValue": 0.16920148501430668,
            "tValue": 0.11280099000953779
         }
      },
      {
         "bundle": [
            0.0,
            151.01915522179286,
            0.0,
            0.0
         ],
         "value": {
            "sValue": 0.3355932288897566,
            "tValue": 0.22372881925983773
         }
      },
      {
         "bundle": [
            0.0,
            0.0,
            0.0,
            0.0
         ],
         "value": {
            "sValue": 0.0,
            "tValue": 0.0
         }
      },
      {
         "bundle": [
            0.0,
            0.0,
            0.0,
            0.0
         ],
         "value": {
            "sValue": 0.0,
            "tValue": 0.0
         }
      }
   ]
}