{
   "bids": [
      {
         "bundle": [
            8.080573931198497,
            82.38154929519985,
            189.96016218678648,
            64.82489016918316
         ],
         "value": {
            "sValue": 0.0,
            "tValue": 474.26588609036094
         }
      },
      {
         "bundle": [
            125.04712036782028,
            128.95263511586177,
            13.12799589801974,
            152.03834366318154
         ],
         "value": {
            "sValue": 0.0,
            "tValue": 447.65216147129445
         }
      },
      {
         "bundle": [
            120.71404490164473,
            23.62911201604032,
            183.52353844603974,
            186.6152094877832
         ],
         "value": {
            "sValue": 0.0,
            "tValue": 590.2928783118356
         }
      }
   ]
}