{
   "bids": [
      {
         "bundle": [
            16.9052175336166,
            139.49019340791176,
            74.76801146976173,
            89.56267940601406
         ],
         "value": {
            "sValue": 0.0,
            "tValue": 468.4470347630393
         }
      },
      {
         "bundle": [
            187.6104541508758,
            168.92704105463088,
            4.009751168092546,
            86.2097790490829
         ],
         "value": {
            "sValue": 0.0,
            "tValue": 552.8977599468247
         }
      },
      {
         "bundle": [
            122.47075324041812,
            31.34538375443703,
            22.49626886376379,
            1.7513217853426077
         ],
         "value": {
            "sValue": 0.0,
            "tValue": 224.7948146121058
         }
      }
   ]
}