{
   "bids": [
      {
         "bundle": [
            34.58955797452212,
            14.778225282969126,
            134.3676462028418,
            124.5342174661562
         ],
         "value": {
            "sValue": 0.0,
            "tValue": 432.59758450952864
         }
      },
      {
         "bundle": [
            122.95358111573289,
            65.84197147652988,
            67.12370050107855,
            125.23151132498649
         ],
         "value": {
            "sValue": 0.0,
            "tValue": 501.67989089196624
         }
      },
      {
         "bundle": [
            91.2780874185523,
            68.1965089297653,
            49.04952501426283,
            28.397234258187034
         ],
         "value": {
            "sValue": 0.0,
            "tValue": 345.4777023728631
         }
      }
   ]
}