{
   "bids": [
      {
         "bundle": [
            145.51313311717934,
            122.12686849653976,
            112.73153731182306,
            30.18823155536976
         ],
         "value": {
            "sValue": 0.0,
            "tValue": 562.4257321937133
         }
      },
      {
         "bundle": [
            16.931461452373387,
            181.94534675007807,
            140.07378669406756,
            101.86164541953696
         ],
         "value": {
            "sValue": 0.0,
            "tValue": 553.9897894919284
         }
      },
      {
         "bundle": [
            58.06155718414534,
            77.18452590216425,
            169.8654740691037,
            25.793017189670287
         ],
         "value": {
            "sValue": 0.0,
            "tValue": 437.09285706717327
         }
      }
   ]
}