{
   "bids": [
      {
         "bundle": [
            86.17064305577532,
            147.49322277527625,
            32.16075071357298,
            28.959464907982202
         ],
         "value": {
            "sValue": 0.0,
            "tValue": 319.2518367413831
         }
      },
      {
         "bundle": [
            188.57024499319633,
            125.3822141341522,
            105.79756639277092,
            7.087937745147421
         ],
         "value": {
            "sValue": 0.0,
            "tValue": 578.1721064211747
         }
      },
      {
         "bundle": [
            82.42267270436061,
            61.07451032216882,
            148.51654179847102,
            143.71539187411167
         ],
         "value": {
            "sValue": 0.0,
            "tValue": 635.1835700011001
         }
      }
   ]
}