{
   "bids": [
      {
         "bundle": [
            0.0,
            0.0,
            0.0,
            0.0
         ],
         "value": {
            "sValue": 0.0,
            "tValue": 0.0
         }
      },
      {
         "bundle": [
            0.0,
            0.0,
            0.0,
            0.0
         ],
         "value": {
            "sValue": 0.0,
            "tValue": 0.0
         }
      },
      {
         "bundle": [
            0.0,
            0.0,
            319.6911901549601,
            0.0
         ],
         "value": {
            "sValue": 0.0,
            "tValue": 0.1371731490851098
         }
      },
      {
         "bundle": [
            0.0,
            0.0,
            0.0,
            346.11728239250255
         ],
         "value": {
            "sValue": 0.0,
            "tValue": 0.16735973883137573
         }
      }
   ]
}