{
   "bids": [
      {
         "bundle": [
            152.16479986075333,
            98.81659464860182,
            121.83609962804658,
            14.014576714856574
         ],
         "value": {
            "sValue": 0.0,
            "tValue": 484.2058402121965
         }
      },
      {
         "bundle": [
            85.8998508166859,
            128.89368579397166,
            121.83207233270122,
            53.58576132153132
         ],
         "value": {
            "sValue": 0.0,
            "tValue": 414.03087939716625
         }
      },
      {
         "bundle": [
            114.99621949376935,
            20.858287490900707,
            18.07612028803245,
            24.53558604009407
         ],
         "value": {
            "sValue": 0.0,
            "tValue": 252.10949344591094
         }
      }
   ]
}