{
   "bids": [
      {
         "bundle": [
            0.0,
            0.0,
            0.0,
            0.0
         ],
         "value": {
            "sValue": 0.0,
            "tValue": 0.0
         }
      },
      {
         "bundle": [
            0.0,
            303.1195956346198,
            0.0,
            0.0
         ],
         "value": {
            "sValue": 0.0,
            "tValue": 0.41036691785193846
         }
      },
      {
         "bundle": [
            0.0,
            0.0,
            0.0,
            0.0
         ],
         "value": {
            "sValue": 0.0,
            "tValue": 0.0
         }
      },
      {
         "bundle": [
            0.0,
            0.0,
            0.0,
            305.8142612751604
         ],
         "value": {
            "sValue": 0.0,
            "tValue": 0.1981952882810476
         }
      }
   ]
}