{
   "bids": [
      {
         "bundle": [
            86.13331343859416,
            63.4035072975307,
            119.82016696853448,
            110.88132921863301
         ],
         "value": {
            "sValue": 0.0,
            "tValue": 554.0965833243811
         }
      },
      {
         "bundle": [
            62.253820322051666,
            194.40849950528428,
            23.09878837697159,
            51.26251939553268
         ],
         "value": {
            "sValue": 0.0,
            "tValue": 391.01404670817766
         }
      },
      {
         "bundle": [
            115.67050458379578,
            79.55425552850105,
            40.754024239145295,
            69.939881531857
         ],
         "value": {
            "sValue": 0.0,
            "tValue": 340.37379620421075
         }
      }
   ]
}