{
   "bids": [
      {
         "bundle": [
            0.0,
            0.0,
            0.0,
            0.0
         ],
         "value": {
            "sValue": 0.0,
            "tValue": 0.0
         }
      },
      {
         "bundle": [
            0.0,
            343.7466381425195,
            0.0,
            0.0
         ],
         "value": {
            "sValue": 0.0,
            "tValue": 0.36984015751995736
         }
      },
      {
         "bundle": [
            0.0,
            0.0,
            347.6398731552723,
            0.0
         ],
         "value": {
            "sValue": 0.0,
            "tValue": 0.42466065166952593
         }
      },
      {
         "bundle": [
            0.0,
            0.0,
            0.0,
            0.0
         ],
         "value": {
            "sValue": 0.0,
            "tValue": 0.0
         }
      }
   ]
}