{
   "bids": [
      {
         "bundle": [
            38.08092797798632,
            54.39978577520863,
            99.68990808677884,
            145.07857115079076
         ],
         "value": {
            "sValue": 0.0,
            "tValue": 353.02771920944224
         }
      },
      {
         "bundle": [
            46.74143682778473,
            20.058457892865977,
            112.57523606984851,
            143.3971729490176
         ],
         "value": {
            "sValue": 0.0,
            "tValue": 343.28334914766293
         }
      },
      {
         "bundle": [
            61.481073072170474,
            42.67151301327643,
            166.49872871837914,
            42.393498186111444
         ],
         "value": {
            "sValue": 0.0,
            "tValue": 446.1677468175843
         }
      }
   ]
}