{
   "bids": [
      {
         "bundle": [
            357.5561196709545,
            0.0,
            0.0,
            0.0
         ],
         "value": {
            "sValue": 0.0,
            "tValue": 0.1322669587323742
         }
      },
      {
         "bundle": [
            0.0,
            366.57108012002334,
            0.0,
            0.0
         ],
         "value": {
            "sValue": 0.0,
            "tValue": 0.21751186299163103
         }
      },
      {
         "bundle": [
            0.0,
            0.0,
            0.0,
            0.0
         ],
         "value": {
            "sValue": 0.0,
            "tValue": 0.0
         }
      },
      {
         "bundle": [
            0.0,
            0.0,
            0.0,
            0.0
         ],
         "value": {
            "sValue": 0.0,
            "tValue": 0.0
         }
      }
   ]
}