{
   "bids": [
      {
         "bundle": [
            0.0,
            0.0,
            0.0,
            0.0
         ],
         "value": {
            "sValue": 0.0,
            "tValue": 0.0
         }
      },
      {
         "bundle": [
            0.0,
            326.16406052520466,
            0.0,
            0.0
         ],
         "value": {
            "sValue": 0.0,
            "tValue": 0.13503402191981617
         }
      },
      {
         "bundle": [
            0.0,
            0.0,
            380.64918927770964,
            0.0
         ],
         "value": {
            "sValue": 0.0,
            "tValue": 0.48774011967779185
         }
      },
      {
         "bundle": [
            0.0,
            0.0,
            0.0,
            0.0
         ],
         "value": {
            "sValue": 0.0,
            "tValue": 0.0
         }
      }
   ]
}