{
   "bids": [
      {
         "bundle": [
            166.09249733977416,
            171.98745933549574,
            16.156173830358476,
            88.68414415371271
         ],
         "value": {
            "sValue": 0.0,
            "tValue": 489.72117463237197
         }
      },
      {
         "bundle": [
            94.31771165993517,
            176.55322001152146,
            23.232050681521056,
            47.299275412781824
         ],
         "value": {
            "sValue": 0.0,
            "tValue": 367.3967173839885
         }
      },
      {
         "bundle": [
            124.69230796944689,
            52.403146563931145,
            162.48548759339474,
            183.01754587912558
         ],
         "value": {
            "sValue": 0.0,
            "tValue": 651.5415367158178
         }
      }
   ]
}