{
   "bids": [
      {
         "bundle": [
            133.10909822982265,
            97.12036679898861,
            162.48859909043193,
            22.22967732061223
         ],
         "value": {
            "sValue": 0.0,
            "tValue": 618.508309578247
         }
      },
      {
         "bundle": [
            78.06002238494489,
            18.644705249941772,
            120.02488244653655,
            177.8830725975847
         ],
         "value": {
            "sValue": 0.0,
            "tValue": 436.08489377272434
         }
      },
      {
         "bundle": [
            194.95616896775812,
            38.79233976578376,
            177.3442324393198,
            120.50373279742426
         ],
         "value": {
            "sValue": 0.0,
            "tValue": 593.0033835287222
         }
      }
   ]
}