{
   "bids": [
      {
         "bundle": [
            0.0,
            0.0,
            0.0,
            0.0
         ],
         "value": {
            "sValue": 0.0,
            "tValue": 0.0
         }
      },
      {
         "bundle": [
            0.0,
            0.0,
            0.0,
            0.0
         ],
         "value": {
            "sValue": 0.0,
            "tValue": 0.0
         }
      },
      {
         "bundle": [
            0.0,
            0.0,
            385.33518250015345,
            0.0
         ],
         "value": {
            "sValue": 0.0,
            "tValue": 0.4115807992902497
         }
      },
      {
         "bundle": [
            0.0,
            0.0,
            0.0,
            333.41941406027183
         ],
         "value": {
            "sValue": 0.0,
            "tValue": 0.1421671197579511
         }
      }
   ]
}