{
   "bids": [
      {
         "bundle": [
            44.11755454282016,
            127.10111070055736,
            10.75874749618022,
            147.2223286644616
         ],
         "value": {
            "sValue": 0.0,
            "tValue": 451.0992475339772
         }
      },
      {
         "bundle": [
            157.86915831107723,
            191.15448425226924,
            158.8433672442176,
            101.03026620165257
         ],
         "value": {
            "sValue": 0.0,
            "tValue": 863.4126945107791
         }
      },
      {
         "bundle": [
            147.54410961446737,
            155.43710399074905,
            3.121266064843242,
            174.29273519713104
         ],
         "value": {
            "sValue": 0.0,
            "tValue": 514.5040811008008
         }
      }
   ]
}