{
   "bids": [
      {
         "bundle": [
            141.90929505901073,
            36.48101454977271,
            17.27834384450846,
            48.781122744362484
         ],
         "value": {
            "sValue": 0.0,
            "tValue": 306.079972389889
         }
      },
      {
         "bundle": [
            28.561758169013117,
            50.049797925675456,
            42.418791131820655,
            184.90114115709534
         ],
         "value": {
            "sValue": 0.0,
            "tValue": 401.81684836018184
         }
      },
      {
         "bundle": [
            178.01554142073732,
            151.4908273478636,
            140.6802665009559,
            70.60357671425854
         ],
         "value": {
            "sValue": 0.0,
            "tValue": 717.0751065202326
         }
      }
   ]
}