{
   "providerProfitAve": 222.35543186246528,
   "providerProfitSD": 58.30817659941755,
   "providerTimeRatioAve": 0.6050958569522061,
   "providerTimeRatioSD": 0.15408256122617142,
   "requesterProfitAve": 222.35543186246522,
   "requesterProfitSD": 58.30817659941755,
   "sumCostAve": 1285.068112688918,
   "sumCostSD": 184.3571805466079,
   "sumProfitAve": 4447.1086372493055,
   "sumProfitSD": 1166.1635319883512,
   "winBidAve": 10.0,
   "winBidSD": 0.0
}