{
   "providerAfterAvailabilityRatioAve": 0.859204196768166,
   "providerAfterAvailabilityRatioSD": 0.05324122952906391,
   "providerBeforeAvailabilityRatioAve": 0.6467918913739135,
   "providerBeforeAvailabilityRatioSD": 0.005259457529273088,
   "providerProfitAve": 222.35543186246528,
   "providerProfitSD": 58.30817659941755,
   "providerTimeRatioAve": 0.6050958569522061,
   "providerTimeRatioSD": 0.15408256122617142,
   "requesterProfitAve": 222.35543186246522,
   "requesterProfitSD": 58.30817659941755,
   "sumCostAve": 1285.068112688918,
   "sumCostSD": 184.3571805466079,
   "sumProfitAve": 4447.1086372493055,
   "sumProfitSD": 1166.1635319883512,
   "tradeAve": 93.90644789830786,
   "tradeSD": 12.504843346367048,
   "winBidAve": 10.0,
   "winBidSD": 0.0
}