{
   "providerProfitAve": 162.03837348233822,
   "providerProfitSD": 16.003605426056264,
   "providerTimeRatioAve": 0.4279589181322068,
   "providerTimeRatioSD": 0.04746108882306634,
   "requesterProfitAve": 133.69470795481251,
   "requesterProfitSD": 14.346321832753164,
   "sumCostAve": 659.1550122680388,
   "sumCostSD": 54.560501006227604,
   "sumProfitAve": 2957.330814371507,
   "sumProfitSD": 303.0446305533781,
   "winBidAve": 10.0,
   "winBidSD": 0.0
}