{
   "providerProfitAve": 169.6250898092256,
   "providerProfitSD": 16.469082509910855,
   "providerTimeRatioAve": 0.42806108568793483,
   "providerTimeRatioSD": 0.04731040960853124,
   "requesterProfitAve": 126.14583683854259,
   "requesterProfitSD": 13.897493610582064,
   "sumCostAve": 658.7765601618642,
   "sumCostSD": 54.38878354176626,
   "sumProfitAve": 2957.7092664776824,
   "sumProfitSD": 302.63118773323356,
   "tradeAve": 58.875686456353016,
   "tradeSD": 5.236020144161687,
   "winBidAve": 10.0,
   "winBidSD": 0.0
}