{
   "bids": [
      {
         "bundle": [
            118.20809393699851,
            124.53010635410409,
            5.760271506745274,
            17.18532622285238
         ],
         "value": {
            "sValue": 0.0,
            "tValue": 318.3901728279097
         }
      },
      {
         "bundle": [
            166.49568202038344,
            49.35198632547797,
            49.8023584222562,
            56.94850470994191
         ],
         "value": {
            "sValue": 0.0,
            "tValue": 351.4225632770688
         }
      },
      {
         "bundle": [
            159.00584726046702,
            144.2004507220321,
            175.0584157157899,
            188.52976943989853
         ],
         "value": {
            "sValue": 0.0,
            "tValue": 810.3590874230188
         }
      }
   ]
}