{
   "bids": [
      {
         "bundle": [
            0.0,
            0.0,
            0.0,
            0.0
         ],
         "value": {
            "sValue": 0.0,
            "tValue": 0.0
         }
      },
      {
         "bundle": [
            0.0,
            164.15781105651251,
            0.0,
            0.0
         ],
         "value": {
            "sValue": 0.0,
            "tValue": 0.161576404657021
         }
      },
      {
         "bundle": [
            0.0,
            0.0,
            0.0,
            0.0
         ],
         "value": {
            "sValue": 0.0,
            "tValue": 0.0
         }
      },
      {
         "bundle": [
            0.0,
            0.0,
            0.0,
            167.65929956694916
         ],
         "value": {
            "sValue": 0.0,
            "tValue": 0.3652988397880096
         }
      }
   ]
}