{
   "bids": [
      {
         "bundle": [
            35.73918671995595,
            107.58393752756672,
            177.8732988621039,
            119.93154398363144
         ],
         "value": {
            "sValue": 0.0,
            "tValue": 619.1540847872672
         }
      },
      {
         "bundle": [
            122.71402743027686,
            126.12899781365385,
            46.516925806998735,
            140.69113767028313
         ],
         "value": {
            "sValue": 0.0,
            "tValue": 448.1491407517715
         }
      },
      {
         "bundle": [
            42.66055155992032,
            148.16308641326484,
            0.7444714573525024,
            61.293647442207956
         ],
         "value": {
            "sValue": 0.0,
            "tValue": 372.1813910036439
         }
      }
   ]
}