{
   "bids": [
      {
         "bundle": [
            145.4685299512146,
            28.44683540948598,
            109.28334184478643,
            113.726274018866
         ],
         "value": {
            "sValue": 0.0,
            "tValue": 455.4602205455996
         }
      },
      {
         "bundle": [
            141.02685154301048,
            51.829374791368906,
            42.696517394609735,
            17.449069325546397
         ],
         "value": {
            "sValue": 0.0,
            "tValue": 339.53004452287087
         }
      },
      {
         "bundle": [
            151.31149499766855,
            93.8667734241565,
            176.82468363276166,
            91.52988178087698
         ],
         "value": {
            "sValue": 0.0,
            "tValue": 668.1567336086536
         }
      }
   ]
}