{
   "bids": [
      {
         "bundle": [
            0.0,
            0.0,
            0.0,
            0.0
         ],
         "value": {
            "sValue": 0.0,
            "tValue": 0.0
         }
      },
      {
         "bundle": [
            0.0,
            0.0,
            0.0,
            0.0
         ],
         "value": {
            "sValue": 0.0,
            "tValue": 0.0
         }
      },
      {
         "bundle": [
            0.0,
            0.0,
            116.13822057907493,
            0.0
         ],
         "value": {
            "sValue": 0.0,
            "tValue": 0.12258137865009854
         }
      },
      {
         "bundle": [
            0.0,
            0.0,
            0.0,
            228.5711609744453
         ],
         "value": {
            "sValue": 0.0,
            "tValue": 0.20100524065770597
         }
      }
   ]
}