{
   "bids": [
      {
         "bundle": [
            296.965246760399,
            0.0,
            0.0,
            0.0
         ],
         "value": {
            "sValue": 0.0,
            "tValue": 0.2104639088884114
         }
      },
      {
         "bundle": [
            0.0,
            242.65871324724299,
            0.0,
            0.0
         ],
         "value": {
            "sValue": 0.0,
            "tValue": 0.45091791748091536
         }
      },
      {
         "bundle": [
            0.0,
            0.0,
            0.0,
            0.0
         ],
         "value": {
            "sValue": 0.0,
            "tValue": 0.0
         }
      },
      {
         "bundle": [
            0.0,
            0.0,
            0.0,
            0.0
         ],
         "value": {
            "sValue": 0.0,
            "tValue": 0.0
         }
      }
   ]
}