{
   "bids": [
      {
         "bundle": [
            101.14865854035648,
            191.79777913203733,
            58.11149923694623,
            116.10852451781102
         ],
         "value": {
            "sValue": 0.0,
            "tValue": 550.2241072841913
         }
      },
      {
         "bundle": [
            180.185509006025,
            87.86367329295982,
            133.3976765244571,
            15.996793529184927
         ],
         "value": {
            "sValue": 0.0,
            "tValue": 491.7635086739461
         }
      },
      {
         "bundle": [
            153.49696984208344,
            179.78612475934176,
            181.23866959718436,
            123.22042345264266
         ],
         "value": {
            "sValue": 0.0,
            "tValue": 921.2268776908943
         }
      }
   ]
}