{
   "bids": [
      {
         "bundle": [
            0.0,
            0.0,
            0.0,
            0.0
         ],
         "value": {
            "sValue": 0.0,
            "tValue": 0.0
         }
      },
      {
         "bundle": [
            0.0,
            261.872154611701,
            0.0,
            0.0
         ],
         "value": {
            "sValue": 0.0,
            "tValue": 0.27697123913520405
         }
      },
      {
         "bundle": [
            0.0,
            0.0,
            0.0,
            0.0
         ],
         "value": {
            "sValue": 0.0,
            "tValue": 0.0
         }
      },
      {
         "bundle": [
            0.0,
            0.0,
            0.0,
            228.1988031077883
         ],
         "value": {
            "sValue": 0.0,
            "tValue": 0.10997522602373828
         }
      }
   ]
}