{
   "bids": [
      {
         "bundle": [
            19.531388912017576,
            122.74096633160157,
            106.57349697687077,
            158.6204971810934
         ],
         "value": {
            "sValue": 0.0,
            "tValue": 588.7555893224795
         }
      },
      {
         "bundle": [
            182.75291941605855,
            173.70643281297978,
            153.6025342492429,
            54.87783949130378
         ],
         "value": {
            "sValue": 0.0,
            "tValue": 715.0448942146521
         }
      },
      {
         "bundle": [
            33.14760271955342,
            124.8580683270178,
            180.55487773426805,
            16.54438628973447
         ],
         "value": {
            "sValue": 0.0,
            "tValue": 380.40463912874463
         }
      }
   ]
}