{
   "bids": [
      {
         "bundle": [
            27.3707483536761,
            72.63697153542765,
            36.09688152952857,
            150.29404825938585
         ],
         "value": {
            "sValue": 0.0,
            "tValue": 417.3227745708721
         }
      },
      {
         "bundle": [
            140.3917088935538,
            159.65351058435425,
            120.99635927957404,
            85.58492440493954
         ],
         "value": {
            "sValue": 0.0,
            "tValue": 625.9825632040195
         }
      },
      {
         "bundle": [
            121.9038181327268,
            147.7210435660488,
            197.24300318216223,
            91.74576023509944
         ],
         "value": {
            "sValue": 0.0,
            "tValue": 639.3526658154755
         }
      }
   ]
}