{
   "bids": [
      {
         "bundle": [
            66.01545468029994,
            159.98746103547268,
            158.65648352355447,
            175.11219063921456
         ],
         "value": {
            "sValue": 0.0,
            "tValue": 765.4923077557736
         }
      },
      {
         "bundle": [
            25.559615814273418,
            77.1097832830798,
            185.82524773685606,
            53.926941215856104
         ],
         "value": {
            "sValue": 0.0,
            "tValue": 459.48843980767714
         }
      },
      {
         "bundle": [
            77.56163825608355,
            133.61696830711114,
            50.07117962928498,
            99.11031585851853
         ],
         "value": {
            "sValue": 0.0,
            "tValue": 417.21056480716595
         }
      }
   ]
}