{
   "bids": [
      {
         "bundle": [
            186.57785397531345,
            126.57680711668246,
            97.07599325030446,
            140.20496980814022
         ],
         "value": {
            "sValue": 0.0,
            "tValue": 618.0031974537571
         }
      },
      {
         "bundle": [
            22.175853576786018,
            137.34791387439932,
            66.69965170909748,
            15.4307403870529
         ],
         "value": {
            "sValue": 0.0,
            "tValue": 285.10617540162644
         }
      },
      {
         "bundle": [
            182.0251004911742,
            73.75913356374365,
            28.307647602972686,
            80.79850184638879
         ],
         "value": {
            "sValue": 0.0,
            "tValue": 544.5155362709465
         }
      }
   ]
}