{
   "bids": [
      {
         "bundle": [
            111.2549229601,
            48.51757498000111,
            13.53640185984748,
            97.89357085441475
         ],
         "value": {
            "sValue": 0.0,
            "tValue": 358.4455449722029
         }
      },
      {
         "bundle": [
            50.87975072402096,
            31.553042986385037,
            195.57729132052188,
            95.15043198522129
         ],
         "value": {
            "sValue": 0.0,
            "tValue": 410.82953906599613
         }
      },
      {
         "bundle": [
            166.20688887583972,
            157.8285242726124,
            172.72421905468386,
            18.761382314579357
         ],
         "value": {
            "sValue": 0.0,
            "tValue": 657.9991907626946
         }
      }
   ]
}