{
   "bids": [
      {
         "bundle": [
            297.09461463648336,
            0.0,
            0.0,
            0.0
         ],
         "value": {
            "sValue": 0.0,
            "tValue": 0.35345946717057264
         }
      },
      {
         "bundle": [
            0.0,
            115.20135408981903,
            0.0,
            0.0
         ],
         "value": {
            "sValue": 0.0,
            "tValue": 0.47033432726179514
         }
      },
      {
         "bundle": [
            0.0,
            0.0,
            0.0,
            0.0
         ],
         "value": {
            "sValue": 0.0,
            "tValue": 0.0
         }
      },
      {
         "bundle": [
            0.0,
            0.0,
            0.0,
            0.0
         ],
         "value": {
            "sValue": 0.0,
            "tValue": 0.0
         }
      }
   ]
}