{
   "bids": [
      {
         "bundle": [
            89.6227084228816,
            31.753476982717068,
            22.069936020419266,
            132.31900303729446
         ],
         "value": {
            "sValue": 0.0,
            "tValue": 350.5034752854894
         }
      },
      {
         "bundle": [
            155.5407143913832,
            181.35239437930028,
            5.827405352046511,
            31.9485934364645
         ],
         "value": {
            "sValue": 0.0,
            "tValue": 450.4900905803311
         }
      },
      {
         "bundle": [
            135.03709306471154,
            49.72070222232829,
            127.8218837040384,
            188.73965038336814
         ],
         "value": {
            "sValue": 0.0,
            "tValue": 659.6563247946744
         }
      }
   ]
}