{
   "bids": [
      {
         "bundle": [
            0.0,
            0.0,
            0.0,
            0.0
         ],
         "value": {
            "sValue": 0.0,
            "tValue": 0.0
         }
      },
      {
         "bundle": [
            0.0,
            0.0,
            0.0,
            0.0
         ],
         "value": {
            "sValue": 0.0,
            "tValue": 0.0
         }
      },
      {
         "bundle": [
            0.0,
            0.0,
            231.71923007289897,
            0.0
         ],
         "value": {
            "sValue": 0.0,
            "tValue": 0.1341766131659898
         }
      },
      {
         "bundle": [
            0.0,
            0.0,
            0.0,
            221.79225057538613
         ],
         "value": {
            "sValue": 0.0,
            "tValue": 0.1975805216450867
         }
      }
   ]
}