{
   "bids": [
      {
         "bundle": [
            0.0,
            0.0,
            0.0,
            0.0
         ],
         "value": {
            "sValue": 0.0,
            "tValue": 0.0
         }
      },
      {
         "bundle": [
            0.0,
            168.46526130009346,
            0.0,
            0.0
         ],
         "value": {
            "sValue": 0.0,
            "tValue": 0.4941132868489797
         }
      },
      {
         "bundle": [
            0.0,
            0.0,
            0.0,
            0.0
         ],
         "value": {
            "sValue": 0.0,
            "tValue": 0.0
         }
      },
      {
         "bundle": [
            0.0,
            0.0,
            0.0,
            202.39816090704716
         ],
         "value": {
            "sValue": 0.0,
            "tValue": 0.20043273638527112
         }
      }
   ]
}