{
   "providerProfitAve": 154.34563762673156,
   "providerProfitSD": 13.511352672459708,
   "providerTimeRatioAve": 0.37163185795129894,
   "providerTimeRatioSD": 0.028926802126951996,
   "requesterProfitAve": 154.34563762673153,
   "requesterProfitSD": 13.511352672459711,
   "sumCostAve": 606.1820030182128,
   "sumCostSD": 101.10513983512095,
   "sumProfitAve": 3086.912752534631,
   "sumProfitSD": 270.2270534491939,
   "tradeAve": 53.740959482138216,
   "tradeSD": 5.707593074987807,
   "winBidAve": 10.0,
   "winBidSD": 0.0
}