{
   "bids": [
      {
         "bundle": [
            34.892978424177805,
            23.136793596175227,
            48.16924041311119,
            39.53845623761894,
            20.0775105670263
         ],
         "value": {
            "sValue": 0.0,
            "tValue": 165.81497923810946
         }
      }
   ]
}{
   "bids": [
      {
         "bundle": [
            8.761994346566931,
            34.08095635513991,
            27.195947416773304,
            2.206926379930718
         ],
         "value": {
            "sValue": 0.0,
            "tValue": 72.24582449841087
         }
      }
   ]
}