{
   "bids": [
      {
         "bundle": [
            48.075418467932984,
            19.320516584859813,
            26.739400136919215,
            0.6192097776896999,
            13.487880420718751
         ],
         "value": {
            "sValue": 0.0,
            "tValue": 108.24242538812047
         }
      }
   ]
}