{
   "bids": [
      {
         "bundle": [
            15.751711836640986,
            15.975080719938978,
            12.61124576225322,
            37.61686776988183,
            11.68942828299177
         ],
         "value": {
            "sValue": 0.0,
            "tValue": 93.64433437170678
         }
      }
   ]
}