{
   "bids": [
      {
         "bundle": [
            38.50078178023128,
            43.22846366884357,
            8.343340982135922,
            15.493875376465832,
            29.863241657152408
         ],
         "value": {
            "sValue": 0.0,
            "tValue": 135.42970346482903
         }
      }
   ]
}{
   "bids": [
      {
         "bundle": [
            10.409360876778651,
            8.619058525273005,
            2.8840194998591473,
            37.84550791822351
         ],
         "value": {
            "sValue": 0.0,
            "tValue": 59.75794682013431
         }
      }
   ]
}