{
   "bids": [
      {
         "bundle": [
            2.7410225087949325,
            36.420022319716225,
            13.831975236814904,
            15.721721692822953,
            21.81462003573339
         ],
         "value": {
            "sValue": 0.0,
            "tValue": 90.5293617938824
         }
      }
   ]
}{
   "bids": [
      {
         "bundle": [
            41.101328102974854,
            23.136347747804493,
            1.8874184610449374,
            35.98865677680893
         ],
         "value": {
            "sValue": 0.0,
            "tValue": 102.1137510886332
         }
      }
   ]
}