{
   "bids": [
      {
         "bundle": [
            44.490502247542246,
            42.2181584702901,
            29.845868354589683,
            18.284388846082578,
            38.83217101543855
         ],
         "value": {
            "sValue": 0.0,
            "tValue": 173.67108893394314
         }
      }
   ]
}{
   "bids": [
      {
         "bundle": [
            42.684590025670104,
            9.168910203711118,
            24.00846259975339,
            47.67132432868343
         ],
         "value": {
            "sValue": 0.0,
            "tValue": 123.53328715781805
         }
      }
   ]
}