{
   "bids": [
      {
         "bundle": [
            41.152182118390215,
            41.09863934638505,
            36.40511677854717,
            10.80612620515321,
            45.18035452685459
         ],
         "value": {
            "sValue": 0.0,
            "tValue": 174.64241897533023
         }
      }
   ]
}{
   "bids": [
      {
         "bundle": [
            15.604892359618711,
            16.10952733032935,
            33.41441876759238,
            20.635088119576196
         ],
         "value": {
            "sValue": 0.0,
            "tValue": 85.76392657711664
         }
      }
   ]
}