{
   "bids": [
      {
         "bundle": [
            15.171461581587364,
            5.891848197135391,
            12.723239649991314,
            36.61063911554644,
            45.65349773253296
         ],
         "value": {
            "sValue": 0.0,
            "tValue": 116.05068627679347
         }
      }
   ]
}{
   "bids": [
      {
         "bundle": [
            18.883654677593388,
            45.392482245141615,
            43.925997781917744,
            23.156076843871524
         ],
         "value": {
            "sValue": 0.0,
            "tValue": 131.35821154852428
         }
      }
   ]
}