{
   "bids": [
      {
         "bundle": [
            37.89380572138595,
            17.932049537336148,
            34.933228827172705,
            36.09757677942854,
            6.944179281179036
         ],
         "value": {
            "sValue": 0.0,
            "tValue": 133.8008401465024
         }
      }
   ]
}{
   "bids": [
      {
         "bundle": [
            49.359850654520834,
            48.7075118874231,
            2.1958755956284213,
            12.79694406683069
         ],
         "value": {
            "sValue": 0.0,
            "tValue": 113.06018220440305
         }
      }
   ]
}