{
   "bids": [
      {
         "bundle": [
            2.589454482501358,
            23.253938068849124,
            0.9652337277398448,
            35.17987281634736,
            0.3045509027818083
         ],
         "value": {
            "sValue": 0.0,
            "tValue": 62.293049998219495
         }
      }
   ]
}{
   "bids": [
      {
         "bundle": [
            35.417750502483145,
            42.451013883969715,
            48.75776750053281,
            9.294327841993505
         ],
         "value": {
            "sValue": 0.0,
            "tValue": 135.92085972897917
         }
      }
   ]
}