{
   "bids": [
      {
         "bundle": [
            36.58814850383826,
            33.23391475660803,
            29.595533236423222,
            4.64782449411722,
            47.42486656861274
         ],
         "value": {
            "sValue": 0.0,
            "tValue": 151.4902875595995
         }
      }
   ]
}{
   "bids": [
      {
         "bundle": [
            17.27005665858542,
            6.638118624742462,
            5.795317208734385E-4,
            37.86241633779848
         ],
         "value": {
            "sValue": 0.0,
            "tValue": 61.77117115284723
         }
      }
   ]
}