{
   "bids": [
      {
         "bundle": [
            20.614756853101863,
            40.53142564686228,
            17.40458252451591,
            45.467297227257326,
            23.48370479291877
         ],
         "value": {
            "sValue": 0.0,
            "tValue": 147.50176704465613
         }
      }
   ]
}