{
   "bids": [
      {
         "bundle": [
            43.92743126524222,
            28.102635069258426,
            33.06035281161846,
            43.77469273191934,
            15.211947905011074
         ],
         "value": {
            "sValue": 0.0,
            "tValue": 164.07705978304952
         }
      }
   ]
}{
   "bids": [
      {
         "bundle": [
            7.5336624571984645,
            5.341786670805149,
            27.430125782986458,
            13.900092437688672
         ],
         "value": {
            "sValue": 0.0,
            "tValue": 54.205667348678745
         }
      }
   ]
}