{
   "bids": [
      {
         "bundle": [
            7.264242916051628,
            45.832688635967735,
            23.48391627531146,
            13.430561972912091,
            44.66228225583351
         ],
         "value": {
            "sValue": 0.0,
            "tValue": 134.67369205607642
         }
      }
   ]
}{
   "bids": [
      {
         "bundle": [
            24.830938304389942,
            14.446105987342422,
            36.65573369882723,
            19.177652960217046
         ],
         "value": {
            "sValue": 0.0,
            "tValue": 95.11043095077665
         }
      }
   ]
}