{
   "bids": [
      {
         "bundle": [
            6.167577769863702,
            30.830863847469274,
            16.707792652192634,
            21.913211760924888,
            46.72305786697979
         ],
         "value": {
            "sValue": 0.0,
            "tValue": 122.34250389743028
         }
      }
   ]
}