{
   "bids": [
      {
         "bundle": [
            3.1943174819686226,
            11.451942748501587,
            13.605172578040053,
            16.416940845474592,
            30.149297105228822
         ],
         "value": {
            "sValue": 0.0,
            "tValue": 74.81767075921368
         }
      }
   ]
}