{
   "bids": [
      {
         "bundle": [
            34.10505799933986,
            43.81759718393547,
            46.22266375185018,
            10.330867388173242,
            34.019536666343114
         ],
         "value": {
            "sValue": 0.0,
            "tValue": 168.49572298964188
         }
      }
   ]
}