{
   "bids": [
      {
         "bundle": [
            35.941830493671574,
            9.258962967797679,
            43.6305788564804,
            45.49205857826639,
            1.4948532347113186
         ],
         "value": {
            "sValue": 0.0,
            "tValue": 135.81828413092734
         }
      }
   ]
}