{
   "bids": [
      {
         "bundle": [
            1.8445352009092308,
            2.973444014383675,
            22.298112583975993,
            14.517923204785966,
            13.786395333643492
         ],
         "value": {
            "sValue": 0.0,
            "tValue": 55.42041033769835
         }
      }
   ]
}