{
   "bids": [
      {
         "bundle": [
            2.4571158622750833,
            12.89462361523121,
            34.50709617265121,
            9.189067062371475,
            28.18252855180498
         ],
         "value": {
            "sValue": 0.0,
            "tValue": 87.23043126433396
         }
      }
   ]
}{
   "bids": [
      {
         "bundle": [
            37.94343740366985,
            32.33998863236035,
            47.154288652574856,
            36.84769200595411
         ],
         "value": {
            "sValue": 0.0,
            "tValue": 154.28540669455916
         }
      }
   ]
}