{
   "bids": [
      {
         "bundle": [
            8.789600771541533,
            29.21239635751165,
            3.448527903635623,
            26.378163255544333,
            27.742871037198096
         ],
         "value": {
            "sValue": 0.0,
            "tValue": 95.57155932543124
         }
      }
   ]
}{
   "bids": [
      {
         "bundle": [
            45.869656688837615,
            15.67476564216252,
            17.505158041836715,
            7.846267839452425
         ],
         "value": {
            "sValue": 0.0,
            "tValue": 86.89584821228928
         }
      }
   ]
}