{
   "bids": [
      {
         "bundle": [
            15.541926557810243,
            36.746549733527274,
            30.344105044054448,
            36.795853141863255,
            28.73235715261232
         ],
         "value": {
            "sValue": 0.0,
            "tValue": 148.16079162986753
         }
      }
   ]
}