{
   "bids": [
      {
         "bundle": [
            29.890340902825603,
            18.949716108221605,
            43.28404148125538,
            7.6644607402145795,
            43.90876443184302
         ],
         "value": {
            "sValue": 0.0,
            "tValue": 143.69732366436017
         }
      }
   ]
}