{
   "bids": [
      {
         "bundle": [
            12.475236131571988,
            2.417006231768121,
            42.54641682168499,
            14.438698567578607,
            24.736121202140204
         ],
         "value": {
            "sValue": 0.0,
            "tValue": 96.61347895474393
         }
      }
   ]
}{
   "bids": [
      {
         "bundle": [
            14.508439247257265,
            42.938162886049355,
            19.059901801145855,
            30.5862560115542
         ],
         "value": {
            "sValue": 0.0,
            "tValue": 107.09275994600667
         }
      }
   ]
}