{
   "bids": [
      {
         "bundle": [
            21.600621229707585,
            19.578846175509895,
            49.20141150806891,
            5.923546920343304,
            40.3682167741952
         ],
         "value": {
            "sValue": 0.0,
            "tValue": 136.67264260782488
         }
      }
   ]
}{
   "bids": [
      {
         "bundle": [
            7.409128515208879,
            17.88131134138562,
            17.690170202235777,
            31.294595487710243
         ],
         "value": {
            "sValue": 0.0,
            "tValue": 74.27520554654052
         }
      }
   ]
}