{
   "bids": [
      {
         "bundle": [
            42.58372396503148,
            25.724575918310418,
            48.76335949067313,
            36.624558323293904,
            0.686187469717231
         ],
         "value": {
            "sValue": 0.0,
            "tValue": 154.38240516702618
         }
      }
   ]
}{
   "bids": [
      {
         "bundle": [
            5.571702314227689,
            5.22632420092492,
            7.6928076391818365,
            12.569521048508253
         ],
         "value": {
            "sValue": 0.0,
            "tValue": 31.0603552028427
         }
      }
   ]
}