{
   "bids": [
      {
         "bundle": [
            15.468381136431864,
            14.089130073820295,
            47.61970000523392,
            13.539933221362016,
            31.78940800770635
         ],
         "value": {
            "sValue": 0.0,
            "tValue": 122.50655244455444
         }
      }
   ]
}{
   "bids": [
      {
         "bundle": [
            17.120491916585497,
            33.37425072552635,
            34.65126139498027,
            16.033099597179966
         ],
         "value": {
            "sValue": 0.0,
            "tValue": 101.17910363427208
         }
      }
   ]
}