{
   "bids": [
      {
         "bundle": [
            2.5104285475868684,
            48.95468860112659,
            49.3792535415203,
            38.351929459851135,
            28.086260936972096
         ],
         "value": {
            "sValue": 0.0,
            "tValue": 167.282561087057
         }
      }
   ]
}{
   "bids": [
      {
         "bundle": [
            5.163193418619228,
            9.051998173012644,
            48.16226068094182,
            19.132258220897537
         ],
         "value": {
            "sValue": 0.0,
            "tValue": 81.50971049347123
         }
      }
   ]
}