{
   "bids": [
      {
         "bundle": [
            19.742651726843295,
            21.39323052187081,
            36.63126523229882,
            48.91505732935731,
            0.43980064304885436
         ],
         "value": {
            "sValue": 0.0,
            "tValue": 127.12200545341909
         }
      }
   ]
}{
   "bids": [
      {
         "bundle": [
            17.83083993550139,
            6.111389309646337,
            33.03949355291868,
            45.95005224463434
         ],
         "value": {
            "sValue": 0.0,
            "tValue": 102.93177504270075
         }
      }
   ]
}