{
   "bids": [
      {
         "bundle": [
            45.79286069481894,
            30.603873931896107,
            45.43159758191239,
            31.92973324044768,
            48.83181766961363
         ],
         "value": {
            "sValue": 0.0,
            "tValue": 202.58988311868876
         }
      }
   ]
}{
   "bids": [
      {
         "bundle": [
            4.75447931532067,
            16.4119229471757,
            49.64164497451892,
            1.4166641937137403
         ],
         "value": {
            "sValue": 0.0,
            "tValue": 72.22471143072903
         }
      }
   ]
}