{
   "bids": [
      {
         "bundle": [
            19.584084747817965,
            36.04972771179724,
            12.083734491221326,
            21.31891757214698,
            29.705581838805838
         ],
         "value": {
            "sValue": 0.0,
            "tValue": 118.74204636178933
         }
      }
   ]
}{
   "bids": [
      {
         "bundle": [
            37.67222366394562,
            1.1135303516268735,
            30.786882609506883,
            27.92064632231145
         ],
         "value": {
            "sValue": 0.0,
            "tValue": 97.49328294739084
         }
      }
   ]
}