{
   "bids": [
      {
         "bundle": [
            27.135262625805893,
            32.016459123775554,
            45.41252716048183,
            37.11859435959698,
            7.2098876153343925
         ],
         "value": {
            "sValue": 0.0,
            "tValue": 148.89273088499465
         }
      }
   ]
}