{
   "bids": [
      {
         "bundle": [
            0.23144586873907746,
            0.6903606579742483,
            28.814538763350033,
            49.519867381469226,
            21.79922627262036
         ],
         "value": {
            "sValue": 0.0,
            "tValue": 101.05543894415294
         }
      }
   ]
}{
   "bids": [
      {
         "bundle": [
            8.703537701737845,
            46.45781087393728,
            43.6670684907958,
            19.894990247972586
         ],
         "value": {
            "sValue": 0.0,
            "tValue": 118.7234073144435
         }
      }
   ]
}