{
   "bids": [
      {
         "bundle": [
            18.43516022749035,
            44.42244129131294,
            6.737017173441534,
            42.46704944690576,
            23.26454746827314
         ],
         "value": {
            "sValue": 0.0,
            "tValue": 135.32621560742373
         }
      }
   ]
}