{
   "bids": [
      {
         "bundle": [
            3.0411171603571985,
            43.187252111186744,
            3.210751625913988,
            38.707124141113404,
            36.717469968006995
         ],
         "value": {
            "sValue": 0.0,
            "tValue": 124.86371500657832
         }
      }
   ]
}{
   "bids": [
      {
         "bundle": [
            26.74738050021982,
            26.726749701203083,
            9.83493626305943,
            26.60692571803956
         ],
         "value": {
            "sValue": 0.0,
            "tValue": 89.91599218252189
         }
      }
   ]
}