{
   "bids": [
      {
         "bundle": [
            42.977907413038245,
            12.239394094511141,
            37.285963184151356,
            21.287566578553836,
            47.19550364602795
         ],
         "value": {
            "sValue": 0.0,
            "tValue": 160.98633491628252
         }
      }
   ]
}{
   "bids": [
      {
         "bundle": [
            15.308170729494186,
            0.37468384488058004,
            20.537728779811715,
            30.724525275154978
         ],
         "value": {
            "sValue": 0.0,
            "tValue": 66.94510862934146
         }
      }
   ]
}