{
   "bids": [
      {
         "bundle": [
            5.833864321279497,
            5.966716037970976,
            38.468246585992624,
            27.009181275720774,
            29.189549386229995
         ],
         "value": {
            "sValue": 0.0,
            "tValue": 106.46755760719387
         }
      }
   ]
}{
   "bids": [
      {
         "bundle": [
            46.23167691904514,
            15.278425618164281,
            29.967485373785717,
            29.167496826102933
         ],
         "value": {
            "sValue": 0.0,
            "tValue": 120.64508473709807
         }
      }
   ]
}