{
   "bids": [
      {
         "bundle": [
            34.566613893265945,
            20.46899071255669,
            8.203111404735841,
            18.426720288824434,
            11.775175318280734
         ],
         "value": {
            "sValue": 0.0,
            "tValue": 93.44061161766365
         }
      }
   ]
}{
   "bids": [
      {
         "bundle": [
            10.470257787665698,
            13.006974516299257,
            25.025668795937317,
            29.796505258056317
         ],
         "value": {
            "sValue": 0.0,
            "tValue": 78.29940635795859
         }
      }
   ]
}