{
   "bids": [
      {
         "bundle": [
            25.48837940085341,
            41.667391021745985,
            6.393629525939598,
            0.053172663091394234,
            39.33147429847731
         ],
         "value": {
            "sValue": 0.0,
            "tValue": 112.9340469101077
         }
      }
   ]
}