{
   "bids": [
      {
         "bundle": [
            4.548400032757033,
            41.02486912106024,
            26.374873146347333,
            48.219688929135636,
            16.216176599395116
         ],
         "value": {
            "sValue": 0.0,
            "tValue": 136.38400782869536
         }
      }
   ]
}{
   "bids": [
      {
         "bundle": [
            18.732791232405717,
            25.09413583693401,
            27.27215096506333,
            43.272807380931184
         ],
         "value": {
            "sValue": 0.0,
            "tValue": 114.37188541533425
         }
      }
   ]
}