{
   "bids": [
      {
         "bundle": [
            49.05693163539792,
            3.2460541027021836,
            17.232626319687682,
            33.4166291140852,
            30.655518172511893
         ],
         "value": {
            "sValue": 0.0,
            "tValue": 133.60775934438487
         }
      }
   ]
}