{
   "bids": [
      {
         "bundle": [
            45.93198514759324,
            9.685019728193506,
            7.575517221277595,
            9.64972500858522,
            34.09156301264936
         ],
         "value": {
            "sValue": 0.0,
            "tValue": 106.93381011829892
         }
      }
   ]
}{
   "bids": [
      {
         "bundle": [
            38.91393674049646,
            32.80693830432894,
            15.93112772361987,
            10.559453448946755
         ],
         "value": {
            "sValue": 0.0,
            "tValue": 98.21145621739201
         }
      }
   ]
}