{
   "bids": [
      {
         "bundle": [
            34.10843131150002,
            29.523042155551405,
            41.5879700942673,
            29.793386338871354,
            15.174667007042974
         ],
         "value": {
            "sValue": 0.0,
            "tValue": 150.18749690723305
         }
      }
   ]
}{
   "bids": [
      {
         "bundle": [
            13.65271107693572,
            29.516815689100323,
            22.719060939158624,
            46.828123070803514
         ],
         "value": {
            "sValue": 0.0,
            "tValue": 112.71671077599818
         }
      }
   ]
}