{
   "bids": [
      {
         "bundle": [
            17.833498034541872,
            41.49141894199512,
            9.046053208309251,
            45.7143468005112,
            27.209140840487635
         ],
         "value": {
            "sValue": 0.0,
            "tValue": 141.2944578258451
         }
      }
   ]
}{
   "bids": [
      {
         "bundle": [
            22.86513337347011,
            3.607586359805431,
            39.74836264206738,
            45.55611036473298
         ],
         "value": {
            "sValue": 0.0,
            "tValue": 111.77719274007589
         }
      }
   ]
}