{
   "bids": [
      {
         "bundle": [
            196.52013258330078,
            7.525364287597491,
            103.91412031872245,
            27.944602268005482
         ],
         "value": {
            "sValue": 0.0,
            "tValue": 341.52562073494266
         }
      },
      {
         "bundle": [
            37.24362603409108,
            97.57244224308994,
            63.52484305304811,
            58.745588436018316
         ],
         "value": {
            "sValue": 0.0,
            "tValue": 383.02502949076484
         }
      },
      {
         "bundle": [
            85.77123297041543,
            144.0860452042217,
            135.83152900810796,
            52.97257376656539
         ],
         "value": {
            "sValue": 0.0,
            "tValue": 601.6545478883015
         }
      }
   ]
}