{
   "bids": [
      {
         "bundle": [
            84.42807323490855,
            32.61441700462551,
            4.809172026379738,
            73.36172287141491
         ],
         "value": {
            "sValue": 0.0,
            "tValue": 241.7168161380532
         }
      },
      {
         "bundle": [
            85.17148462291064,
            112.7800167131132,
            160.2138866294232,
            48.458810367096184
         ],
         "value": {
            "sValue": 0.0,
            "tValue": 608.6897894504525
         }
      },
      {
         "bundle": [
            39.534109009905215,
            8.482304999786837,
            88.12843645460684,
            59.77317438439893
         ],
         "value": {
            "sValue": 0.0,
            "tValue": 274.27840954424295
         }
      }
   ]
}