{
   "bids": [
      {
         "bundle": [
            72.34539511118692,
            96.3374764813606,
            112.4609287712675,
            168.76247195462173
         ],
         "value": {
            "sValue": 0.0,
            "tValue": 559.494457762912
         }
      },
      {
         "bundle": [
            166.05823861280186,
            87.27588163014346,
            48.49049215315402,
            93.39681155454171
         ],
         "value": {
            "sValue": 0.0,
            "tValue": 576.6045021783749
         }
      },
      {
         "bundle": [
            162.82553088559158,
            66.58819383386071,
            14.067931607386441,
            130.91070259551503
         ],
         "value": {
            "sValue": 0.0,
            "tValue": 423.8204734984261
         }
      }
   ]
}