{
   "bids": [
      {
         "bundle": [
            351.3620894486909,
            0.0,
            0.0,
            0.0
         ],
         "value": {
            "sValue": 0.0,
            "tValue": 0.4730153250780894
         }
      },
      {
         "bundle": [
            0.0,
            352.630011286413,
            0.0,
            0.0
         ],
         "value": {
            "sValue": 0.0,
            "tValue": 0.20885474948669694
         }
      },
      {
         "bundle": [
            0.0,
            0.0,
            0.0,
            0.0
         ],
         "value": {
            "sValue": 0.0,
            "tValue": 0.0
         }
      },
      {
         "bundle": [
            0.0,
            0.0,
            0.0,
            0.0
         ],
         "value": {
            "sValue": 0.0,
            "tValue": 0.0
         }
      }
   ]
}