{
   "bids": [
      {
         "bundle": [
            15.41092675942506,
            58.107130171183655,
            178.09264239984103,
            93.05749927754985
         ],
         "value": {
            "sValue": 0.0,
            "tValue": 363.20752077949254
         }
      },
      {
         "bundle": [
            181.57722707931708,
            43.945936667117635,
            45.47872745271009,
            165.48737170199038
         ],
         "value": {
            "sValue": 0.0,
            "tValue": 637.6812231798662
         }
      },
      {
         "bundle": [
            185.90615141457334,
            61.1417466878049,
            55.993722761714814,
            179.34577107630406
         ],
         "value": {
            "sValue": 0.0,
            "tValue": 554.7897128223079
         }
      }
   ]
}