{
   "bids": [
      {
         "bundle": [
            179.8779608775113,
            47.083598928730616,
            168.42339443363076,
            74.49583604131207
         ],
         "value": {
            "sValue": 0.0,
            "tValue": 567.3569640261298
         }
      },
      {
         "bundle": [
            177.9291373671589,
            193.560339139604,
            21.353472036203147,
            195.7472467066772
         ],
         "value": {
            "sValue": 0.0,
            "tValue": 634.2377516808039
         }
      },
      {
         "bundle": [
            175.31047926756642,
            183.10564911790726,
            16.190893869613898,
            154.96173655388029
         ],
         "value": {
            "sValue": 0.0,
            "tValue": 686.5646104718091
         }
      }
   ]
}