{
   "bids": [
      {
         "bundle": [
            86.52092923683949,
            88.15647131151174,
            70.78040812723012,
            46.276585354032626
         ],
         "value": {
            "sValue": 0.0,
            "tValue": 434.2758250240532
         }
      },
      {
         "bundle": [
            122.80467059011318,
            68.12828523144836,
            79.90287664840669,
            176.75826666092692
         ],
         "value": {
            "sValue": 0.0,
            "tValue": 663.0590933694729
         }
      },
      {
         "bundle": [
            173.35123601344284,
            131.13449041643256,
            78.76806423143312,
            132.86313612486447
         ],
         "value": {
            "sValue": 0.0,
            "tValue": 567.4155596040775
         }
      }
   ]
}