{
   "bids": [
      {
         "bundle": [
            424.8536121167168,
            0.0,
            0.0,
            0.0
         ],
         "value": {
            "sValue": 0.0,
            "tValue": 0.37168751839270064
         }
      },
      {
         "bundle": [
            0.0,
            364.1875264640271,
            0.0,
            0.0
         ],
         "value": {
            "sValue": 0.0,
            "tValue": 0.12467741269537247
         }
      },
      {
         "bundle": [
            0.0,
            0.0,
            0.0,
            0.0
         ],
         "value": {
            "sValue": 0.0,
            "tValue": 0.0
         }
      },
      {
         "bundle": [
            0.0,
            0.0,
            0.0,
            0.0
         ],
         "value": {
            "sValue": 0.0,
            "tValue": 0.0
         }
      }
   ]
}