{
   "bids": [
      {
         "bundle": [
            54.709839386889556,
            18.278911940005237,
            50.98487491697705,
            127.90942717281042
         ],
         "value": {
            "sValue": 0.0,
            "tValue": 338.9522829694171
         }
      },
      {
         "bundle": [
            48.04180662296551,
            156.57266141639528,
            50.918743712514235,
            124.89601150785485
         ],
         "value": {
            "sValue": 0.0,
            "tValue": 451.7093539313628
         }
      },
      {
         "bundle": [
            6.08063194421149,
            32.354741671167034,
            83.91084322900358,
            21.631172683032762
         ],
         "value": {
            "sValue": 0.0,
            "tValue": 186.30842658938622
         }
      }
   ]
}