{
   "bids": [
      {
         "bundle": [
            375.3711423088894,
            0.0,
            0.0,
            0.0
         ],
         "value": {
            "sValue": 0.0,
            "tValue": 0.10794273060624895
         }
      },
      {
         "bundle": [
            0.0,
            0.0,
            0.0,
            0.0
         ],
         "value": {
            "sValue": 0.0,
            "tValue": 0.0
         }
      },
      {
         "bundle": [
            0.0,
            0.0,
            0.0,
            0.0
         ],
         "value": {
            "sValue": 0.0,
            "tValue": 0.0
         }
      },
      {
         "bundle": [
            0.0,
            0.0,
            0.0,
            442.248563696557
         ],
         "value": {
            "sValue": 0.0,
            "tValue": 0.264559911374867
         }
      }
   ]
}