{
   "bids": [
      {
         "bundle": [
            87.37344658063894,
            41.4836293378503,
            155.89750736523314,
            4.495276888020161
         ],
         "value": {
            "sValue": 0.0,
            "tValue": 397.80299776988954
         }
      },
      {
         "bundle": [
            179.39304018543774,
            149.26323060182926,
            121.93846014045977,
            197.06375607386687
         ],
         "value": {
            "sValue": 0.0,
            "tValue": 966.7783493270776
         }
      },
      {
         "bundle": [
            2.2523742899379418,
            163.3848883120829,
            111.51011717680103,
            53.51946333582802
         ],
         "value": {
            "sValue": 0.0,
            "tValue": 393.64028835729437
         }
      }
   ]
}