{
   "bids": [
      {
         "bundle": [
            30.840598421322674,
            144.03069314834207,
            42.64348306417751,
            184.26976892459413
         ],
         "value": {
            "sValue": 0.0,
            "tValue": 404.01760180033517
         }
      },
      {
         "bundle": [
            113.64746245890937,
            162.2380759729926,
            145.1558730251269,
            136.515005517739
         ],
         "value": {
            "sValue": 0.0,
            "tValue": 783.2791720411575
         }
      },
      {
         "bundle": [
            165.1902467082364,
            59.09224447062105,
            3.1713477646307053,
            107.17890925733961
         ],
         "value": {
            "sValue": 0.0,
            "tValue": 360.0074590037804
         }
      }
   ]
}