{
   "bids": [
      {
         "bundle": [
            136.72881838056082,
            163.13306383882173,
            45.08450316179111,
            156.36343489641277
         ],
         "value": {
            "sValue": 0.0,
            "tValue": 575.9140685912098
         }
      },
      {
         "bundle": [
            188.91061446114387,
            17.36274576333876,
            108.30937997818289,
            138.5178550298058
         ],
         "value": {
            "sValue": 0.0,
            "tValue": 524.5128378612762
         }
      },
      {
         "bundle": [
            1.1899677469405345,
            169.89415299193428,
            98.60631307333134,
            142.93410906577725
         ],
         "value": {
            "sValue": 0.0,
            "tValue": 586.7795984838688
         }
      }
   ]
}