{
   "bids": [
      {
         "bundle": [
            0.0,
            0.0,
            0.0,
            0.0
         ],
         "value": {
            "sValue": 0.0,
            "tValue": 0.0
         }
      },
      {
         "bundle": [
            0.0,
            122.4871096210492,
            0.0,
            0.0
         ],
         "value": {
            "sValue": 0.05062231249478591,
            "tValue": 0.20248924997914364
         }
      },
      {
         "bundle": [
            0.0,
            0.0,
            190.32722647834493,
            0.0
         ],
         "value": {
            "sValue": 0.05905857708706726,
            "tValue": 0.23623430834826903
         }
      },
      {
         "bundle": [
            0.0,
            0.0,
            0.0,
            0.0
         ],
         "value": {
            "sValue": 0.0,
            "tValue": 0.0
         }
      }
   ]
}