{
   "bids": [
      {
         "bundle": [
            128.4738491779526,
            185.39967166338926,
            17.53037029068578,
            14.17911562406935
         ],
         "value": {
            "sValue": 0.0,
            "tValue": 418.4382717958575
         }
      },
      {
         "bundle": [
            31.092245795302276,
            153.27744848483832,
            106.15190458372452,
            128.5638184792162
         ],
         "value": {
            "sValue": 0.0,
            "tValue": 463.7709755253313
         }
      },
      {
         "bundle": [
            117.0331478025854,
            62.187886266438674,
            198.45710474406624,
            65.08371311793653
         ],
         "value": {
            "sValue": 0.0,
            "tValue": 502.6708738600549
         }
      }
   ]
}