{
   "bids": [
      {
         "bundle": [
            173.2602753170564,
            52.7221743536314,
            126.40745681912166,
            74.9522671797949
         ],
         "value": {
            "sValue": 0.0,
            "tValue": 520.7932107356355
         }
      },
      {
         "bundle": [
            3.738035694701569,
            19.396467033148078,
            56.87242959858838,
            99.63619471227705
         ],
         "value": {
            "sValue": 0.0,
            "tValue": 268.8775934955561
         }
      },
      {
         "bundle": [
            193.97457480443455,
            85.26649430822737,
            134.1330182947048,
            157.37393968078038
         ],
         "value": {
            "sValue": 0.0,
            "tValue": 724.0825393605433
         }
      }
   ]
}