{
   "bids": [
      {
         "bundle": [
            1.530007024493396,
            41.84669286679379,
            1.7837912653298371,
            42.57601271491065
         ],
         "value": {
            "sValue": 0.0,
            "tValue": 90.31651732170062
         }
      },
      {
         "bundle": [
            9.785343297997319,
            112.83515941252766,
            145.97292924399335,
            147.0551476638578
         ],
         "value": {
            "sValue": 0.0,
            "tValue": 487.94920948489073
         }
      },
      {
         "bundle": [
            142.0883513793169,
            80.60490207487364,
            93.18749604389124,
            80.09031194377476
         ],
         "value": {
            "sValue": 0.0,
            "tValue": 519.4971283805679
         }
      }
   ]
}