{
   "bids": [
      {
         "bundle": [
            174.52653917077345,
            66.12001410004635,
            87.11871927675337,
            109.26286582668172
         ],
         "value": {
            "sValue": 0.0,
            "tValue": 595.645572789967
         }
      },
      {
         "bundle": [
            182.48746440781508,
            189.18893959496398,
            148.58707375840018,
            188.61486861739002
         ],
         "value": {
            "sValue": 0.0,
            "tValue": 1055.2259620703567
         }
      },
      {
         "bundle": [
            171.17283722988796,
            38.181431451251925,
            98.76147235259492,
            152.47779521125676
         ],
         "value": {
            "sValue": 0.0,
            "tValue": 470.87995485793573
         }
      }
   ]
}