{
   "bids": [
      {
         "bundle": [
            369.9796668626704,
            0.0,
            0.0,
            0.0
         ],
         "value": {
            "sValue": 0.0,
            "tValue": 0.4634736805150268
         }
      },
      {
         "bundle": [
            0.0,
            356.47159847547823,
            0.0,
            0.0
         ],
         "value": {
            "sValue": 0.0,
            "tValue": 0.12718337815881997
         }
      },
      {
         "bundle": [
            0.0,
            0.0,
            0.0,
            0.0
         ],
         "value": {
            "sValue": 0.0,
            "tValue": 0.0
         }
      },
      {
         "bundle": [
            0.0,
            0.0,
            0.0,
            0.0
         ],
         "value": {
            "sValue": 0.0,
            "tValue": 0.0
         }
      }
   ]
}