{
   "bids": [
      {
         "bundle": [
            70.81568026692833,
            69.9852466330973,
            103.57988331357299,
            163.1138160823637
         ],
         "value": {
            "sValue": 0.0,
            "tValue": 508.3596842577082
         }
      },
      {
         "bundle": [
            27.17162827639854,
            91.05298172173957,
            12.909652660825731,
            3.3617502082221806
         ],
         "value": {
            "sValue": 0.0,
            "tValue": 163.5578553642052
         }
      },
      {
         "bundle": [
            183.53721378174964,
            57.47108258483016,
            126.34716128656711,
            82.19352441601929
         ],
         "value": {
            "sValue": 0.0,
            "tValue": 610.5974490011718
         }
      }
   ]
}