{
   "bids": [
      {
         "bundle": [
            175.93768006904872,
            169.5609007898568,
            158.8679314912998,
            156.47431206951566
         ],
         "value": {
            "sValue": 0.0,
            "tValue": 934.2973869718189
         }
      },
      {
         "bundle": [
            127.03352413329425,
            9.800116306247064,
            32.207643282348506,
            170.2775064163294
         ],
         "value": {
            "sValue": 0.0,
            "tValue": 354.708013485267
         }
      },
      {
         "bundle": [
            103.71493968685586,
            91.07109059115028,
            81.58198830329351,
            179.47675712702676
         ],
         "value": {
            "sValue": 0.0,
            "tValue": 591.8553224709132
         }
      }
   ]
}