{
   "bids": [
      {
         "bundle": [
            0.0,
            0.0,
            0.0,
            0.0
         ],
         "value": {
            "sValue": 0.0,
            "tValue": 0.0
         }
      },
      {
         "bundle": [
            0.0,
            0.0,
            0.0,
            0.0
         ],
         "value": {
            "sValue": 0.0,
            "tValue": 0.0
         }
      },
      {
         "bundle": [
            0.0,
            0.0,
            366.22216429187904,
            0.0
         ],
         "value": {
            "sValue": 0.0,
            "tValue": 0.35862231445135395
         }
      },
      {
         "bundle": [
            0.0,
            0.0,
            0.0,
            322.4630556592335
         ],
         "value": {
            "sValue": 0.0,
            "tValue": 0.18347850769950466
         }
      }
   ]
}