{
   "bids": [
      {
         "bundle": [
            0.6133162267784709,
            47.853614570752015,
            66.31837243117695,
            13.74938253233864
         ],
         "value": {
            "sValue": 0.0,
            "tValue": 192.28051509005115
         }
      },
      {
         "bundle": [
            179.9501136842122,
            74.79958496269093,
            174.9119030608506,
            99.8068566245299
         ],
         "value": {
            "sValue": 0.0,
            "tValue": 641.6219462908482
         }
      },
      {
         "bundle": [
            178.9957130150747,
            172.00575924931294,
            121.81567509330966,
            35.033541073909966
         ],
         "value": {
            "sValue": 0.0,
            "tValue": 555.7577225135431
         }
      }
   ]
}