{
   "bids": [
      {
         "bundle": [
            327.0334999441371,
            0.0,
            0.0,
            0.0
         ],
         "value": {
            "sValue": 0.0,
            "tValue": 0.3243720995039785
         }
      },
      {
         "bundle": [
            0.0,
            348.60923623902085,
            0.0,
            0.0
         ],
         "value": {
            "sValue": 0.0,
            "tValue": 0.15273172640502783
         }
      },
      {
         "bundle": [
            0.0,
            0.0,
            0.0,
            0.0
         ],
         "value": {
            "sValue": 0.0,
            "tValue": 0.0
         }
      },
      {
         "bundle": [
            0.0,
            0.0,
            0.0,
            0.0
         ],
         "value": {
            "sValue": 0.0,
            "tValue": 0.0
         }
      }
   ]
}