{
   "bids": [
      {
         "bundle": [
            0.0,
            0.0,
            0.0,
            0.0
         ],
         "value": {
            "sValue": 0.0,
            "tValue": 0.0
         }
      },
      {
         "bundle": [
            0.0,
            368.231379909404,
            0.0,
            0.0
         ],
         "value": {
            "sValue": 0.0,
            "tValue": 0.20985302302611877
         }
      },
      {
         "bundle": [
            0.0,
            0.0,
            355.1222519252891,
            0.0
         ],
         "value": {
            "sValue": 0.0,
            "tValue": 0.18485671875206916
         }
      },
      {
         "bundle": [
            0.0,
            0.0,
            0.0,
            0.0
         ],
         "value": {
            "sValue": 0.0,
            "tValue": 0.0
         }
      }
   ]
}