{
   "bids": [
      {
         "bundle": [
            164.6210621181829,
            80.2202592909364,
            121.10497456100897,
            106.25302919055363
         ],
         "value": {
            "sValue": 0.0,
            "tValue": 612.8338349749189
         }
      },
      {
         "bundle": [
            21.478058671496015,
            183.4181412404706,
            198.34677163210497,
            40.95103955352859
         ],
         "value": {
            "sValue": 0.0,
            "tValue": 603.9488728664872
         }
      },
      {
         "bundle": [
            9.926604783619997,
            29.917838594895517,
            173.40741976094458,
            83.24772772589976
         ],
         "value": {
            "sValue": 0.0,
            "tValue": 440.94590566575744
         }
      }
   ]
}