{
   "bids": [
      {
         "bundle": [
            0.0,
            0.0,
            0.0,
            0.0
         ],
         "value": {
            "sValue": 0.0,
            "tValue": 0.0
         }
      },
      {
         "bundle": [
            0.0,
            325.5770435728646,
            0.0,
            0.0
         ],
         "value": {
            "sValue": 0.0,
            "tValue": 0.14127653369420337
         }
      },
      {
         "bundle": [
            0.0,
            0.0,
            0.0,
            0.0
         ],
         "value": {
            "sValue": 0.0,
            "tValue": 0.0
         }
      },
      {
         "bundle": [
            0.0,
            0.0,
            0.0,
            356.27880018940994
         ],
         "value": {
            "sValue": 0.0,
            "tValue": 0.37812170742880624
         }
      }
   ]
}