{
   "bids": [
      {
         "bundle": [
            48.33611842713734,
            21.35006580019667,
            159.61304014626103,
            65.35187567859933
         ],
         "value": {
            "sValue": 0.0,
            "tValue": 369.6943447763878
         }
      },
      {
         "bundle": [
            100.62512688212497,
            52.44239609207935,
            94.08571676831315,
            181.47650320141958
         ],
         "value": {
            "sValue": 0.0,
            "tValue": 538.0652802339492
         }
      },
      {
         "bundle": [
            199.0171311998349,
            114.8816622138193,
            113.59035808405973,
            90.99585044711908
         ],
         "value": {
            "sValue": 0.0,
            "tValue": 703.331907643797
         }
      }
   ]
}