{
   "bids": [
      {
         "bundle": [
            171.90401729828258,
            68.89926715233669,
            35.68458344261087,
            158.2001229079787
         ],
         "value": {
            "sValue": 0.0,
            "tValue": 587.3372151569457
         }
      },
      {
         "bundle": [
            14.873717391367446,
            0.05372757221724367,
            7.182727568916869,
            160.39626885403803
         ],
         "value": {
            "sValue": 0.0,
            "tValue": 218.52648028577292
         }
      },
      {
         "bundle": [
            54.475896834261064,
            117.8329214290807,
            175.9977507520285,
            101.73650580478278
         ],
         "value": {
            "sValue": 0.0,
            "tValue": 458.4714304004362
         }
      }
   ]
}