{
   "bids": [
      {
         "bundle": [
            0.0,
            0.0,
            0.0,
            0.0
         ],
         "value": {
            "sValue": 0.0,
            "tValue": 0.0
         }
      },
      {
         "bundle": [
            0.0,
            362.075531146497,
            0.0,
            0.0
         ],
         "value": {
            "sValue": 0.0,
            "tValue": 0.3912212533544833
         }
      },
      {
         "bundle": [
            0.0,
            0.0,
            352.7570659700683,
            0.0
         ],
         "value": {
            "sValue": 0.0,
            "tValue": 0.4518726047095566
         }
      },
      {
         "bundle": [
            0.0,
            0.0,
            0.0,
            0.0
         ],
         "value": {
            "sValue": 0.0,
            "tValue": 0.0
         }
      }
   ]
}