{
   "providerProfitAve": 148.76669000982739,
   "providerProfitSD": 9.621663271603957,
   "providerTimeRatioAve": 0.5738420268486437,
   "providerTimeRatioSD": 0.040846837304466886,
   "requesterProfitAve": 148.7666900098274,
   "requesterProfitSD": 9.62166327160396,
   "sumCostAve": 770.9801558882963,
   "sumCostSD": 76.39169890040519,
   "sumProfitAve": 2975.333800196548,
   "sumProfitSD": 192.43326543207905,
   "winBidAve": 10.0,
   "winBidSD": 0.0
}