{
   "providerProfitAve": 165.84912029538725,
   "providerProfitSD": 10.488986195312396,
   "providerTimeRatioAve": 0.5758086541193805,
   "providerTimeRatioSD": 0.04325811868287382,
   "requesterProfitAve": 132.7741695894991,
   "requesterProfitSD": 9.843967829801434,
   "sumCostAve": 769.1849001369328,
   "sumCostSD": 76.83520207246093,
   "sumProfitAve": 2986.232898848864,
   "sumProfitSD": 200.73096981136555,
   "winBidAve": 10.0,
   "winBidSD": 0.0
}