{
   "providerProfitAve": 211.1289941639565,
   "providerProfitSD": 19.94684141447256,
   "providerTimeRatioAve": 0.6847684294059544,
   "providerTimeRatioSD": 0.0898673997136028,
   "requesterProfitAve": 211.1289941639565,
   "requesterProfitSD": 19.94684141447256,
   "sumCostAve": 1148.992571279152,
   "sumCostSD": 132.8937886555767,
   "sumProfitAve": 4222.579883279131,
   "sumProfitSD": 398.9368282894512,
   "winBidAve": 9.8,
   "winBidSD": 0.39999999999999997
}