{
   "providerProfitAve": 168.65757444995631,
   "providerProfitSD": 13.164764918420305,
   "providerTimeRatioAve": 0.510125765515916,
   "providerTimeRatioSD": 0.05633315294939453,
   "requesterProfitAve": 152.6174349471063,
   "requesterProfitSD": 11.70329716912617,
   "sumCostAve": 645.8371962923935,
   "sumCostSD": 79.70113099429392,
   "sumProfitAve": 3212.7500939706256,
   "sumProfitSD": 248.28470606232895,
   "tradeAve": 59.109897478952874,
   "tradeSD": 4.901813207333469,
   "winBidAve": 10.0,
   "winBidSD": 0.0
}