{
   "providerProfitAve": 179.80488625855827,
   "providerProfitSD": 15.92337574761534,
   "providerTimeRatioAve": 0.506482420888004,
   "providerTimeRatioSD": 0.058083294538453775,
   "requesterProfitAve": 137.730250241242,
   "requesterProfitSD": 12.024926690470652,
   "sumCostAve": 643.9940978925454,
   "sumCostSD": 79.83302625177093,
   "sumProfitAve": 3175.3513649980027,
   "sumProfitSD": 276.9391044967487,
   "tradeAve": 62.49180249712515,
   "tradeSD": 5.303163438547958,
   "winBidAve": 10.0,
   "winBidSD": 0.0
}