{
   "providerProfitAve": 138.2398756683379,
   "providerProfitSD": 13.24057467208831,
   "providerTimeRatioAve": 0.7043394554334098,
   "providerTimeRatioSD": 0.06894868366328576,
   "requesterProfitAve": 138.2398756683379,
   "requesterProfitSD": 13.2405746720883,
   "sumCostAve": 703.688291645494,
   "sumCostSD": 72.24377899249176,
   "sumProfitAve": 2764.797513366758,
   "sumProfitSD": 264.81149344176634,
   "winBidAve": 9.2,
   "winBidSD": 0.7483314773547883
}