{
   "providerProfitAve": 177.24464728492498,
   "providerProfitSD": 23.636976600477052,
   "providerTimeRatioAve": 0.8230287266165716,
   "providerTimeRatioSD": 0.0996384814913887,
   "requesterProfitAve": 177.24464728492498,
   "requesterProfitSD": 23.636976600477027,
   "sumCostAve": 978.1915851069307,
   "sumCostSD": 136.38209363717633,
   "sumProfitAve": 3544.8929456985,
   "sumProfitSD": 472.73953200954065,
   "tradeAve": 85.13354973045263,
   "tradeSD": 10.127565922922596,
   "winBidAve": 8.4,
   "winBidSD": 0.7999999999999999
}