{
   "providerProfitAve": 159.59133816439117,
   "providerProfitSD": 3.268825970595801,
   "providerTimeRatioAve": 0.7360543921519503,
   "providerTimeRatioSD": 0.031792644185136866,
   "requesterProfitAve": 129.37457748601773,
   "requesterProfitSD": 3.373766137595965,
   "sumCostAve": 702.7153646133361,
   "sumCostSD": 71.69591844772663,
   "sumProfitAve": 2889.659156504089,
   "sumProfitSD": 58.84778578958307,
   "winBidAve": 9.4,
   "winBidSD": 0.48989794855663565
}