{
   "providerProfitAve": 149.31805018658613,
   "providerProfitSD": 9.748558018993073,
   "providerTimeRatioAve": 0.7204280560302998,
   "providerTimeRatioSD": 0.046797965101376605,
   "requesterProfitAve": 132.18258669178866,
   "requesterProfitSD": 8.874773987929801,
   "sumCostAve": 703.0745931403452,
   "sumCostSD": 72.70306415778259,
   "sumProfitAve": 2815.006368783748,
   "sumProfitSD": 185.30017717007536,
   "tradeAve": 60.56496068571782,
   "tradeSD": 4.173782150431358,
   "winBidAve": 9.4,
   "winBidSD": 0.48989794855663565
}