{
   "providerProfitAve": 141.84675884171003,
   "providerProfitSD": 10.77625938433379,
   "providerTimeRatioAve": 0.7060303171108612,
   "providerTimeRatioSD": 0.04972477032533013,
   "requesterProfitAve": 134.42000837767168,
   "requesterProfitSD": 10.814964494780007,
   "sumCostAve": 702.885836557875,
   "sumCostSD": 71.56803644183648,
   "sumProfitAve": 2762.6676721938165,
   "sumProfitSD": 215.82863097558408,
   "winBidAve": 9.4,
   "winBidSD": 0.48989794855663565
}