{
   "providerProfitAve": 179.61872605587126,
   "providerProfitSD": 4.549490579176285,
   "providerTimeRatioAve": 0.7361813576716614,
   "providerTimeRatioSD": 0.032125049014875805,
   "requesterProfitAve": 109.41512334298584,
   "requesterProfitSD": 4.715596424227152,
   "sumCostAve": 702.0360271288542,
   "sumCostSD": 71.8079728890366,
   "sumProfitAve": 2890.338493988571,
   "sumProfitSD": 58.57096433222593,
   "winBidAve": 9.4,
   "winBidSD": 0.48989794855663565
}