{
   "bids": [
      {
         "bundle": [
            0.0,
            0.0,
            0.0,
            0.0
         ],
         "value": {
            "sValue": 0.0,
            "tValue": 0.0
         }
      },
      {
         "bundle": [
            0.0,
            0.0,
            0.0,
            0.0
         ],
         "value": {
            "sValue": 0.0,
            "tValue": 0.0
         }
      },
      {
         "bundle": [
            0.0,
            0.0,
            168.0202916895665,
            0.0
         ],
         "value": {
            "sValue": 0.0,
            "tValue": 0.13365949543848907
         }
      },
      {
         "bundle": [
            0.0,
            0.0,
            0.0,
            211.56066402384107
         ],
         "value": {
            "sValue": 0.0,
            "tValue": 0.16276866708115306
         }
      }
   ]
}