{
   "bids": [
      {
         "bundle": [
            0.0,
            0.0,
            0.0,
            0.0
         ],
         "value": {
            "sValue": 0.0,
            "tValue": 0.0
         }
      },
      {
         "bundle": [
            0.0,
            0.0,
            0.0,
            0.0
         ],
         "value": {
            "sValue": 0.0,
            "tValue": 0.0
         }
      },
      {
         "bundle": [
            0.0,
            0.0,
            235.90414929550371,
            0.0
         ],
         "value": {
            "sValue": 0.0,
            "tValue": 0.12089948139987267
         }
      },
      {
         "bundle": [
            0.0,
            0.0,
            0.0,
            225.92850039569015
         ],
         "value": {
            "sValue": 0.0,
            "tValue": 0.14294377210920794
         }
      }
   ]
}