{
   "bids": [
      {
         "bundle": [
            151.0968814248206,
            64.79374297037042,
            99.68659297356413,
            94.01199138779882
         ],
         "value": {
            "sValue": 0.0,
            "tValue": 468.739652122337
         }
      },
      {
         "bundle": [
            123.12579579452216,
            153.488458361223,
            80.20464661789066,
            48.7528297633184
         ],
         "value": {
            "sValue": 0.0,
            "tValue": 546.7756630176234
         }
      },
      {
         "bundle": [
            176.33668384240585,
            50.40857443397122,
            0.251124547014836,
            112.01662897784597
         ],
         "value": {
            "sValue": 0.0,
            "tValue": 430.60400494751764
         }
      }
   ]
}