{
   "bids": [
      {
         "bundle": [
            171.6095314426885,
            77.79945892562267,
            165.65868729249317,
            26.581176530570282
         ],
         "value": {
            "sValue": 0.0,
            "tValue": 474.6881672306583
         }
      },
      {
         "bundle": [
            58.0620658473667,
            196.2527877330409,
            5.236725578316781,
            92.6900670318879
         ],
         "value": {
            "sValue": 0.0,
            "tValue": 477.2541476391045
         }
      },
      {
         "bundle": [
            72.62076955760651,
            38.930571844223174,
            62.95961382677071,
            145.32177483270286
         ],
         "value": {
            "sValue": 0.0,
            "tValue": 382.3951391108904
         }
      }
   ]
}