{
   "bids": [
      {
         "bundle": [
            0.0,
            0.0,
            0.0,
            0.0
         ],
         "value": {
            "sValue": 0.0,
            "tValue": 0.0
         }
      },
      {
         "bundle": [
            0.0,
            189.5203602064421,
            0.0,
            0.0
         ],
         "value": {
            "sValue": 0.0,
            "tValue": 0.1262440997198499
         }
      },
      {
         "bundle": [
            0.0,
            0.0,
            210.93589307694614,
            0.0
         ],
         "value": {
            "sValue": 0.0,
            "tValue": 0.121580048219114
         }
      },
      {
         "bundle": [
            0.0,
            0.0,
            0.0,
            0.0
         ],
         "value": {
            "sValue": 0.0,
            "tValue": 0.0
         }
      }
   ]
}