{
   "bids": [
      {
         "bundle": [
            0.0,
            0.0,
            0.0,
            0.0
         ],
         "value": {
            "sValue": 0.0,
            "tValue": 0.0
         }
      },
      {
         "bundle": [
            0.0,
            0.0,
            0.0,
            0.0
         ],
         "value": {
            "sValue": 0.0,
            "tValue": 0.0
         }
      },
      {
         "bundle": [
            0.0,
            0.0,
            184.5242468025048,
            0.0
         ],
         "value": {
            "sValue": 0.0,
            "tValue": 0.1569647590536426
         }
      },
      {
         "bundle": [
            0.0,
            0.0,
            0.0,
            248.28321351422608
         ],
         "value": {
            "sValue": 0.0,
            "tValue": 0.10791962238368236
         }
      }
   ]
}