{
   "bids": [
      {
         "bundle": [
            0.0,
            0.0,
            0.0,
            0.0
         ],
         "value": {
            "sValue": 0.0,
            "tValue": 0.0
         }
      },
      {
         "bundle": [
            0.0,
            244.97054564787263,
            0.0,
            0.0
         ],
         "value": {
            "sValue": 0.0,
            "tValue": 0.1783316265952669
         }
      },
      {
         "bundle": [
            0.0,
            0.0,
            240.2043236186247,
            0.0
         ],
         "value": {
            "sValue": 0.0,
            "tValue": 0.10675085558525968
         }
      },
      {
         "bundle": [
            0.0,
            0.0,
            0.0,
            0.0
         ],
         "value": {
            "sValue": 0.0,
            "tValue": 0.0
         }
      }
   ]
}