{
   "bids": [
      {
         "bundle": [
            69.38399704318736,
            190.78813397792106,
            110.57307672212657,
            16.76422626800902
         ],
         "value": {
            "sValue": 0.0,
            "tValue": 559.142779443976
         }
      },
      {
         "bundle": [
            73.1234495435048,
            30.71453110986113,
            47.7739027219096,
            138.32993281201908
         ],
         "value": {
            "sValue": 0.0,
            "tValue": 401.7899291608517
         }
      },
      {
         "bundle": [
            191.30821780135025,
            194.4313212044079,
            162.1293608653518,
            159.93477113500086
         ],
         "value": {
            "sValue": 0.0,
            "tValue": 1013.6137096475691
         }
      }
   ]
}