{
   "bids": [
      {
         "bundle": [
            181.19473188942564,
            0.0,
            0.0,
            0.0
         ],
         "value": {
            "sValue": 0.0,
            "tValue": 0.10313005201138548
         }
      },
      {
         "bundle": [
            0.0,
            179.6862592861327,
            0.0,
            0.0
         ],
         "value": {
            "sValue": 0.0,
            "tValue": 0.17553466143577007
         }
      },
      {
         "bundle": [
            0.0,
            0.0,
            0.0,
            0.0
         ],
         "value": {
            "sValue": 0.0,
            "tValue": 0.0
         }
      },
      {
         "bundle": [
            0.0,
            0.0,
            0.0,
            0.0
         ],
         "value": {
            "sValue": 0.0,
            "tValue": 0.0
         }
      }
   ]
}