{
   "bids": [
      {
         "bundle": [
            78.70409223746861,
            40.34304007322873,
            174.32440627598407,
            136.73298771458516
         ],
         "value": {
            "sValue": 0.0,
            "tValue": 516.3843040217861
         }
      },
      {
         "bundle": [
            103.33132816212351,
            195.71984532655304,
            120.00340688874518,
            33.329740572684315
         ],
         "value": {
            "sValue": 0.0,
            "tValue": 552.1220451701312
         }
      },
      {
         "bundle": [
            101.95655686226088,
            33.15244331571856,
            156.1242262864036,
            56.970514749076195
         ],
         "value": {
            "sValue": 0.0,
            "tValue": 480.3151784842463
         }
      }
   ]
}