{
   "bids": [
      {
         "bundle": [
            143.6876496861685,
            105.74709159201218,
            43.05687938392175,
            78.04945614563717
         ],
         "value": {
            "sValue": 0.0,
            "tValue": 507.427025411923
         }
      },
      {
         "bundle": [
            21.21662427263238,
            74.67903093651078,
            61.12053601887073,
            191.56241404521498
         ],
         "value": {
            "sValue": 0.0,
            "tValue": 415.84657797238395
         }
      },
      {
         "bundle": [
            1.3471149464212573,
            148.50569919737126,
            167.65702238989928,
            24.377706730839588
         ],
         "value": {
            "sValue": 0.0,
            "tValue": 350.64214064068045
         }
      }
   ]
}