{
   "bids": [
      {
         "bundle": [
            193.3949157331784,
            105.24521166882961,
            50.506903753920284,
            145.76367788077732
         ],
         "value": {
            "sValue": 0.0,
            "tValue": 613.2678631371076
         }
      },
      {
         "bundle": [
            191.82841996584898,
            122.20091037854655,
            66.19455922330475,
            145.80565447815195
         ],
         "value": {
            "sValue": 0.0,
            "tValue": 768.8353664557384
         }
      },
      {
         "bundle": [
            59.405728940649595,
            71.17620913445053,
            174.73878771058776,
            84.62642922135987
         ],
         "value": {
            "sValue": 0.0,
            "tValue": 496.0743419003919
         }
      }
   ]
}