{
   "bids": [
      {
         "bundle": [
            140.4435258827255,
            133.08229420047252,
            93.89398081314104,
            114.62773440788985
         ],
         "value": {
            "sValue": 0.0,
            "tValue": 585.7563914404648
         }
      },
      {
         "bundle": [
            106.12072662404377,
            126.79676733678184,
            105.89905374064448,
            39.800661656858516
         ],
         "value": {
            "sValue": 0.0,
            "tValue": 398.9007572911179
         }
      },
      {
         "bundle": [
            128.71617551863554,
            35.917332125516225,
            136.35861475049694,
            13.892644187915915
         ],
         "value": {
            "sValue": 0.0,
            "tValue": 448.48188093038203
         }
      }
   ]
}