{
   "bids": [
      {
         "bundle": [
            138.88338352463464,
            126.03391669075943,
            108.33955510703565,
            186.09175461765776
         ],
         "value": {
            "sValue": 0.0,
            "tValue": 669.0300858372653
         }
      },
      {
         "bundle": [
            74.7032673312803,
            110.66497213069235,
            97.51508477526917,
            36.506384072242405
         ],
         "value": {
            "sValue": 0.0,
            "tValue": 393.16007608791546
         }
      },
      {
         "bundle": [
            146.1724655456169,
            123.60726305780936,
            79.44489637520364,
            85.56768752861142
         ],
         "value": {
            "sValue": 0.0,
            "tValue": 561.7910949694252
         }
      }
   ]
}