{
   "bids": [
      {
         "bundle": [
            119.83345116521392,
            150.3874747549809,
            12.345832875800088,
            42.28886166164245
         ],
         "value": {
            "sValue": 0.0,
            "tValue": 367.24696680814554
         }
      },
      {
         "bundle": [
            66.30952497741562,
            138.71915890739493,
            147.20489114454855,
            13.548827056273826
         ],
         "value": {
            "sValue": 0.0,
            "tValue": 436.0891666534316
         }
      },
      {
         "bundle": [
            174.7180332640877,
            81.34365590843879,
            33.22640790777616,
            126.34903725159437
         ],
         "value": {
            "sValue": 0.0,
            "tValue": 530.3411490439241
         }
      }
   ]
}