{
   "bids": [
      {
         "bundle": [
            170.31065876151337,
            125.73328256784919,
            171.44850809159726,
            138.94273956252826
         ],
         "value": {
            "sValue": 0.0,
            "tValue": 906.337098897091
         }
      },
      {
         "bundle": [
            178.61849090531564,
            164.51697805970258,
            2.4139953220972954,
            192.85453167336556
         ],
         "value": {
            "sValue": 0.0,
            "tValue": 748.5518701090734
         }
      },
      {
         "bundle": [
            110.02482103890488,
            190.00748814268314,
            181.17688465190355,
            73.38047943588934
         ],
         "value": {
            "sValue": 0.0,
            "tValue": 678.0482756684785
         }
      }
   ]
}