{
   "providerProfitAve": 244.09161181395265,
   "providerProfitSD": 17.086354647351957,
   "providerTimeRatioAve": 0.5959477982619565,
   "providerTimeRatioSD": 0.045501442707633795,
   "requesterProfitAve": 244.09161181395265,
   "requesterProfitSD": 17.086354647351964,
   "sumCostAve": 1182.579423407956,
   "sumCostSD": 116.97318320624005,
   "sumProfitAve": 4881.832236279053,
   "sumProfitSD": 341.7270929470389,
   "winBidAve": 10.0,
   "winBidSD": 0.0
}