{
   "providerAfterAvailabilityRatioAve": 0.8368910593518226,
   "providerAfterAvailabilityRatioSD": 0.018550037947327083,
   "providerBeforeAvailabilityRatioAve": 0.6012468088533544,
   "providerBeforeAvailabilityRatioSD": 0.00435300042882259,
   "providerProfitAve": 244.09161181395265,
   "providerProfitSD": 17.086354647351957,
   "providerTimeRatioAve": 0.5959477982619565,
   "providerTimeRatioSD": 0.045501442707633795,
   "requesterProfitAve": 244.09161181395265,
   "requesterProfitSD": 17.086354647351964,
   "sumCostAve": 1182.579423407956,
   "sumCostSD": 116.97318320624005,
   "sumProfitAve": 4881.832236279053,
   "sumProfitSD": 341.7270929470389,
   "tradeAve": 91.81121835065191,
   "tradeSD": 6.580452293997905,
   "winBidAve": 10.0,
   "winBidSD": 0.0
}