{
   "providerAfterAvailabilityRatioAve": 0.5460888007400946,
   "providerAfterAvailabilityRatioSD": 0.012151130286786186,
   "providerBeforeAvailabilityRatioAve": 0.39875319114664565,
   "providerBeforeAvailabilityRatioSD": 0.004353000428822577,
   "providerProfitAve": 184.6547377776422,
   "providerProfitSD": 18.064762714862432,
   "providerTimeRatioAve": 0.37163061440134637,
   "providerTimeRatioSD": 0.02870124015038432,
   "requesterProfitAve": 124.12540637082762,
   "requesterProfitSD": 9.335167101328675,
   "sumCostAve": 605.2933140681458,
   "sumCostSD": 102.92572358424958,
   "sumProfitAve": 3087.8014414846984,
   "sumProfitSD": 268.5190771164336,
   "tradeAve": 61.2960172961142,
   "tradeSD": 6.970473668381809,
   "winBidAve": 10.0,
   "winBidSD": 0.0
}