{
   "bids": [
      {
         "bundle": [
            416.5227048147677,
            0.0,
            0.0,
            0.0
         ],
         "value": {
            "sValue": 0.0,
            "tValue": 0.3127247770758106
         }
      },
      {
         "bundle": [
            0.0,
            415.3450215759856,
            0.0,
            0.0
         ],
         "value": {
            "sValue": 0.0,
            "tValue": 0.33622138430590787
         }
      },
      {
         "bundle": [
            0.0,
            0.0,
            0.0,
            0.0
         ],
         "value": {
            "sValue": 0.0,
            "tValue": 0.0
         }
      },
      {
         "bundle": [
            0.0,
            0.0,
            0.0,
            0.0
         ],
         "value": {
            "sValue": 0.0,
            "tValue": 0.0
         }
      }
   ]
}