{
   "bids": [
      {
         "bundle": [
            29.078911606319057,
            2.2730555901411487,
            115.59623969122083,
            33.29121237886628
         ],
         "value": {
            "sValue": 0.0,
            "tValue": 189.23271178712739
         }
      },
      {
         "bundle": [
            57.51518441889638,
            64.71621242549719,
            187.06537880660946,
            37.181753467178936
         ],
         "value": {
            "sValue": 0.0,
            "tValue": 404.77532204504644
         }
      },
      {
         "bundle": [
            116.14887052671139,
            27.04421757181832,
            101.40224302410172,
            142.61154457329135
         ],
         "value": {
            "sValue": 0.0,
            "tValue": 504.51617418472676
         }
      }
   ]
}