{
   "bids": [
      {
         "bundle": [
            94.20998402551093,
            101.66348765420562,
            67.3316848831806,
            195.96632333861348
         ],
         "value": {
            "sValue": 0.0,
            "tValue": 507.234892442277
         }
      },
      {
         "bundle": [
            26.856592037077178,
            109.64201743043222,
            119.49306882729667,
            80.46891394546387
         ],
         "value": {
            "sValue": 0.0,
            "tValue": 354.01617837972145
         }
      },
      {
         "bundle": [
            55.07410847555112,
            181.47883062909847,
            82.59388308909695,
            76.44261853357686
         ],
         "value": {
            "sValue": 0.0,
            "tValue": 467.5528065173234
         }
      }
   ]
}