{
   "bids": [
      {
         "bundle": [
            143.11523500099432,
            26.48419153440884,
            154.99542348488973,
            131.80542590421766
         ],
         "value": {
            "sValue": 0.0,
            "tValue": 637.6123042055816
         }
      },
      {
         "bundle": [
            51.23188285293556,
            183.96136700514813,
            22.204029800840487,
            190.00262905221965
         ],
         "value": {
            "sValue": 0.0,
            "tValue": 510.32081209251373
         }
      },
      {
         "bundle": [
            58.25780805368011,
            130.54771228657538,
            67.32730492162915,
            162.35178696960764
         ],
         "value": {
            "sValue": 0.0,
            "tValue": 535.5714766410033
         }
      }
   ]
}