{
   "bids": [
      {
         "bundle": [
            0.0,
            0.0,
            0.0,
            0.0
         ],
         "value": {
            "sValue": 0.0,
            "tValue": 0.0
         }
      },
      {
         "bundle": [
            0.0,
            0.0,
            0.0,
            0.0
         ],
         "value": {
            "sValue": 0.0,
            "tValue": 0.0
         }
      },
      {
         "bundle": [
            0.0,
            0.0,
            367.32676254205865,
            0.0
         ],
         "value": {
            "sValue": 0.0,
            "tValue": 0.15212003830620807
         }
      },
      {
         "bundle": [
            0.0,
            0.0,
            0.0,
            424.35902478571467
         ],
         "value": {
            "sValue": 0.0,
            "tValue": 0.10926203478498753
         }
      }
   ]
}