{
   "bids": [
      {
         "bundle": [
            35.527531774893184,
            55.7561060142088,
            125.01406335344531,
            48.1559486107495
         ],
         "value": {
            "sValue": 0.0,
            "tValue": 341.71704510162164
         }
      },
      {
         "bundle": [
            116.43829496331261,
            113.74339676084833,
            123.53394914163982,
            154.3704563840073
         ],
         "value": {
            "sValue": 0.0,
            "tValue": 511.24291486982384
         }
      },
      {
         "bundle": [
            99.07883266241689,
            153.6614575208177,
            68.29109590874755,
            50.21628548816564
         ],
         "value": {
            "sValue": 0.0,
            "tValue": 512.8570363993352
         }
      }
   ]
}