{
   "bids": [
      {
         "bundle": [
            96.60374911829915,
            103.24503852069297,
            131.4049932633215,
            82.12656425394782
         ],
         "value": {
            "sValue": 0.0,
            "tValue": 619.4533734799876
         }
      },
      {
         "bundle": [
            100.25671798822893,
            56.57582467046096,
            175.08432434086845,
            161.8507671177465
         ],
         "value": {
            "sValue": 0.0,
            "tValue": 532.9008094424626
         }
      },
      {
         "bundle": [
            174.18508860202965,
            50.35367443713328,
            199.31355426124006,
            155.4816099300994
         ],
         "value": {
            "sValue": 0.0,
            "tValue": 758.792464793417
         }
      }
   ]
}