{
   "bids": [
      {
         "bundle": [
            117.58837114622173,
            77.78575626489692,
            163.83058598566365,
            136.60185243046473
         ],
         "value": {
            "sValue": 0.0,
            "tValue": 610.9877246078422
         }
      },
      {
         "bundle": [
            24.91637417017081,
            125.65467125892556,
            142.75508899616,
            49.668675527789816
         ],
         "value": {
            "sValue": 0.0,
            "tValue": 412.7057056041092
         }
      },
      {
         "bundle": [
            177.14629474014515,
            43.643789940238875,
            155.1598526308855,
            123.82678064222019
         ],
         "value": {
            "sValue": 0.0,
            "tValue": 722.2212869657251
         }
      }
   ]
}