{
   "bids": [
      {
         "bundle": [
            372.27241845728474,
            0.0,
            0.0,
            0.0
         ],
         "value": {
            "sValue": 0.0,
            "tValue": 0.11788750055464502
         }
      },
      {
         "bundle": [
            0.0,
            443.0033369720788,
            0.0,
            0.0
         ],
         "value": {
            "sValue": 0.0,
            "tValue": 0.24649955369326998
         }
      },
      {
         "bundle": [
            0.0,
            0.0,
            0.0,
            0.0
         ],
         "value": {
            "sValue": 0.0,
            "tValue": 0.0
         }
      },
      {
         "bundle": [
            0.0,
            0.0,
            0.0,
            0.0
         ],
         "value": {
            "sValue": 0.0,
            "tValue": 0.0
         }
      }
   ]
}