{
   "bids": [
      {
         "bundle": [
            86.9475594844042,
            24.116147000901368,
            26.94309266660739,
            91.4936528034531
         ],
         "value": {
            "sValue": 0.0,
            "tValue": 304.08574323007264
         }
      },
      {
         "bundle": [
            16.271933475968137,
            54.33722657736742,
            95.94494566576066,
            159.17796818912038
         ],
         "value": {
            "sValue": 0.0,
            "tValue": 483.7105442682999
         }
      },
      {
         "bundle": [
            155.10217818001718,
            167.32680194409676,
            172.14427282427906,
            192.1610103321173
         ],
         "value": {
            "sValue": 0.0,
            "tValue": 856.4828488528029
         }
      }
   ]
}