{
   "bids": [
      {
         "bundle": [
            0.0,
            0.0,
            0.0,
            0.0
         ],
         "value": {
            "sValue": 0.0,
            "tValue": 0.0
         }
      },
      {
         "bundle": [
            0.0,
            0.0,
            0.0,
            0.0
         ],
         "value": {
            "sValue": 0.0,
            "tValue": 0.0
         }
      },
      {
         "bundle": [
            0.0,
            0.0,
            446.69799659559015,
            0.0
         ],
         "value": {
            "sValue": 0.0,
            "tValue": 0.3059048781000102
         }
      },
      {
         "bundle": [
            0.0,
            0.0,
            0.0,
            381.23803369172896
         ],
         "value": {
            "sValue": 0.0,
            "tValue": 0.38161374416881855
         }
      }
   ]
}