{
   "bids": [
      {
         "bundle": [
            0.0,
            0.0,
            0.0,
            0.0
         ],
         "value": {
            "sValue": 0.0,
            "tValue": 0.0
         }
      },
      {
         "bundle": [
            0.0,
            0.0,
            0.0,
            0.0
         ],
         "value": {
            "sValue": 0.0,
            "tValue": 0.0
         }
      },
      {
         "bundle": [
            0.0,
            0.0,
            370.0443306864416,
            0.0
         ],
         "value": {
            "sValue": 0.0,
            "tValue": 0.34753180588912713
         }
      },
      {
         "bundle": [
            0.0,
            0.0,
            0.0,
            410.9642658196617
         ],
         "value": {
            "sValue": 0.0,
            "tValue": 0.30938638085307957
         }
      }
   ]
}