{
   "bids": [
      {
         "bundle": [
            46.22025983680591,
            102.99292166495324,
            166.05882487203948,
            29.848137555095988
         ],
         "value": {
            "sValue": 0.0,
            "tValue": 353.8564982447186
         }
      },
      {
         "bundle": [
            81.04029983222145,
            56.03298135840884,
            141.24952941248182,
            127.17555113385326
         ],
         "value": {
            "sValue": 0.0,
            "tValue": 590.5581401876527
         }
      },
      {
         "bundle": [
            72.47048891992695,
            155.8608784551914,
            113.05470478646191,
            196.50201603952002
         ],
         "value": {
            "sValue": 0.0,
            "tValue": 603.9601110176847
         }
      }
   ]
}