{
   "bids": [
      {
         "bundle": [
            37.491618169718485,
            2.9926332971195846,
            199.03015254107945,
            67.04807663213334
         ],
         "value": {
            "sValue": 0.0,
            "tValue": 409.31671849440283
         }
      },
      {
         "bundle": [
            149.07142055303927,
            124.63336886682804,
            75.22612552589003,
            185.1305498010407
         ],
         "value": {
            "sValue": 0.0,
            "tValue": 577.5634919999516
         }
      },
      {
         "bundle": [
            195.1473057977821,
            83.04371276586133,
            150.7853431237602,
            140.26454471608793
         ],
         "value": {
            "sValue": 0.0,
            "tValue": 599.0379113694229
         }
      }
   ]
}