{
   "bids": [
      {
         "bundle": [
            402.50018766888707,
            0.0,
            0.0,
            0.0
         ],
         "value": {
            "sValue": 0.0,
            "tValue": 0.15121693422495897
         }
      },
      {
         "bundle": [
            0.0,
            385.2439373307115,
            0.0,
            0.0
         ],
         "value": {
            "sValue": 0.0,
            "tValue": 0.16991147020687764
         }
      },
      {
         "bundle": [
            0.0,
            0.0,
            0.0,
            0.0
         ],
         "value": {
            "sValue": 0.0,
            "tValue": 0.0
         }
      },
      {
         "bundle": [
            0.0,
            0.0,
            0.0,
            0.0
         ],
         "value": {
            "sValue": 0.0,
            "tValue": 0.0
         }
      }
   ]
}