{
   "bids": [
      {
         "bundle": [
            75.84312552282024,
            184.20840872929068,
            53.067062089071236,
            164.73612586013374
         ],
         "value": {
            "sValue": 0.0,
            "tValue": 684.8628520864313
         }
      },
      {
         "bundle": [
            43.88976514546552,
            149.8538262739573,
            9.277025975290897,
            125.37384863555279
         ],
         "value": {
            "sValue": 0.0,
            "tValue": 458.87056122125546
         }
      },
      {
         "bundle": [
            38.39821596991866,
            40.98600906078873,
            17.302414406671062,
            84.06496631097171
         ],
         "value": {
            "sValue": 0.0,
            "tValue": 229.38625260730842
         }
      }
   ]
}