{
   "bids": [
      {
         "bundle": [
            0.0,
            0.0,
            0.0,
            0.0
         ],
         "value": {
            "sValue": 0.0,
            "tValue": 0.0
         }
      },
      {
         "bundle": [
            0.0,
            408.2875601499439,
            0.0,
            0.0
         ],
         "value": {
            "sValue": 0.0,
            "tValue": 0.372698228062189
         }
      },
      {
         "bundle": [
            0.0,
            0.0,
            365.49214106715084,
            0.0
         ],
         "value": {
            "sValue": 0.0,
            "tValue": 0.43834725002361885
         }
      },
      {
         "bundle": [
            0.0,
            0.0,
            0.0,
            0.0
         ],
         "value": {
            "sValue": 0.0,
            "tValue": 0.0
         }
      }
   ]
}