{
   "bids": [
      {
         "bundle": [
            0.0,
            0.0,
            0.0,
            0.0
         ],
         "value": {
            "sValue": 0.0,
            "tValue": 0.0
         }
      },
      {
         "bundle": [
            0.0,
            373.5545928500176,
            0.0,
            0.0
         ],
         "value": {
            "sValue": 0.0,
            "tValue": 0.25510819660187445
         }
      },
      {
         "bundle": [
            0.0,
            0.0,
            0.0,
            0.0
         ],
         "value": {
            "sValue": 0.0,
            "tValue": 0.0
         }
      },
      {
         "bundle": [
            0.0,
            0.0,
            0.0,
            408.0393886839156
         ],
         "value": {
            "sValue": 0.0,
            "tValue": 0.38883819623802574
         }
      }
   ]
}