{
   "bids": [
      {
         "bundle": [
            420.13122049472724,
            0.0,
            0.0,
            0.0
         ],
         "value": {
            "sValue": 0.0,
            "tValue": 0.42897580232114274
         }
      },
      {
         "bundle": [
            0.0,
            0.0,
            0.0,
            0.0
         ],
         "value": {
            "sValue": 0.0,
            "tValue": 0.0
         }
      },
      {
         "bundle": [
            0.0,
            0.0,
            0.0,
            0.0
         ],
         "value": {
            "sValue": 0.0,
            "tValue": 0.0
         }
      },
      {
         "bundle": [
            0.0,
            0.0,
            0.0,
            442.9313326062999
         ],
         "value": {
            "sValue": 0.0,
            "tValue": 0.14650758097607725
         }
      }
   ]
}